CODE_GROUP,GROUP_NAME,GL_CODE,GL_NAME,,
C01,ค่าใช้จ่ายตอบแทนแรงงาน,50113101,ต-เงินเดือน-พนักงาน,,
C01,ค่าใช้จ่ายตอบแทนแรงงาน,50113102,ต-ค่าล่วงเวลา-พนักงาน,,
C01,ค่าใช้จ่ายตอบแทนแรงงาน,50113103,ต-เงินเพิ่มพิเศษ-พนักงาน,,
C01,ค่าใช้จ่ายตอบแทนแรงงาน,50113104,ต-เงินเดือน-พนักงาน,,
C01,ค่าใช้จ่ายตอบแทนแรงงาน,50113105,เงินประจำตำแหน่งและเงินประจำตำแหน่งวิชาชีพอื่น - บริการ,,
C01,ค่าใช้จ่ายตอบแทนแรงงาน,50113106,ต-โบนัส-พนักงาน,,
C01,ค่าใช้จ่ายตอบแทนแรงงาน,50113108,ต-เงินค่าครองชีพ-พนักงาน,,
C01,ค่าใช้จ่ายตอบแทนแรงงาน,50113109,ต-ค่าเบี้ยประชุม-พนักงาน,,
C01,ค่าใช้จ่ายตอบแทนแรงงาน,50113110,ต-ค่าวันหยุดพักผ่อน-ผู้เกษียณ-พนักงาน,,
C01,ค่าใช้จ่ายตอบแทนแรงงาน,50113111,ต-ค่าใช้จ่ายตอบแทนแรงงานอื่น-พนักงาน,,
C01,ค่าใช้จ่ายตอบแทนแรงงาน,50113112,ต-ค่าจ้าง-ลูกจ้าง,,
C01,ค่าใช้จ่ายตอบแทนแรงงาน,50113113,ต-ค่าล่วงเวลา-ลูกจ้าง,,
C01,ค่าใช้จ่ายตอบแทนแรงงาน,50113114,ต-เงินเพิ่มพิเศษ-ลูกจ้าง,,
C01,ค่าใช้จ่ายตอบแทนแรงงาน,50113115,ต-โบนัส-ลูกจ้าง,,
C01,ค่าใช้จ่ายตอบแทนแรงงาน,50113116,ต-เงินค่าครองชีพ-ลูกจ้าง,,
C01,ค่าใช้จ่ายตอบแทนแรงงาน,50113117,ต-ค่าจ้างลูกจ้าง-OUTSOURCE,,
C01,ค่าใช้จ่ายตอบแทนแรงงาน,50113118,ต-ค่าใช้จ่ายตอบแทนแรงงานอื่น-ลูกจ้าง,,
C01,ค่าใช้จ่ายตอบแทนแรงงาน,50113119,ต-ค่าวันหยุดพักผ่อน-พนักงาน-ต้นทุนดอกเบี้ย,,
C01,ค่าใช้จ่ายตอบแทนแรงงาน,50113120,ต-ค่าล่วงเวลา-ลูกจ้าง-ต้นทุนดอกเบี้ย,,
C01,ค่าใช้จ่ายตอบแทนแรงงาน,50113121,ต-ค่าจ้าง OUTSOURCE - ขับรถ,,
C01,ค่าใช้จ่ายตอบแทนแรงงาน,50113122,ต-ค่าจ้าง OUTSOURCE - ติดตั้ง/ตรวจซ่อม/ศูนย์ซ่อม(ลูกค้า),,
C01,ค่าใช้จ่ายตอบแทนแรงงาน,50113123,ต-ค่าจ้าง OUTSOURCE - บริการสำนักงาน,,
C01,ค่าใช้จ่ายตอบแทนแรงงาน,50113124,ต-ค่าจ้าง OUTSOURCE - ช่างสำนักงาน,,
C01,ค่าใช้จ่ายตอบแทนแรงงาน,50113125,ต-ค่าจ้าง OUTSOURCE - จัดทำข้อมูล/งานคลังพัสดุ,,
C01,ค่าใช้จ่ายตอบแทนแรงงาน,50113126,ต-ค่าจ้าง OUTSOURCE - เฉพาะกิจ,,
C01,ค่าใช้จ่ายตอบแทนแรงงาน,50113127,ต-ค่าจ้าง OUTSOURCE - จ้างระยะสั้น,,
C01,ค่าใช้จ่ายตอบแทนแรงงาน,50113128,ต-ค่าจ้าง-ผู้ปฏิบัติงานกลุ่ม Digital Service,,
C01,ค่าใช้จ่ายตอบแทนแรงงาน,50113129,ต-ค่าล่วงเวลา-ผู้ปฏิบัติงานกลุ่ม DIGITAL SERVICE,,
C01,ค่าใช้จ่ายตอบแทนแรงงาน,50113130,ต-เงินเพิ่มพิเศษ-ผู้ปฏิบัติงานกลุ่มDIGITAL SERVICE,,
C01,ค่าใช้จ่ายตอบแทนแรงงาน,50113131,ต-ค่าใช้จ่ายตอบแทนแรงงานอื่น-กลุ่ม DIGITAL SERVICE,,
C01,ค่าใช้จ่ายตอบแทนแรงงาน,50113132,ค่าแรงและสวัสดิการพนักงาน ทีโอที,,
C01,ค่าใช้จ่ายตอบแทนแรงงาน,50113133,เงินเพิ่มพิเศษ-งานด้านช่าง,,
C01,ค่าใช้จ่ายตอบแทนแรงงาน,50113134,ค่าแรงพนักงาน-งานซ่อมแซม บำรุงรักษาสินทรัพย์,,
C01,ค่าใช้จ่ายตอบแทนแรงงาน,50113135,ค่าจ้างบุคคลภายนอก (รวมจ้างเหมา),,
C01,ค่าใช้จ่ายตอบแทนแรงงาน,50113136,ค่าจ้างแรงงาน-งานด้านช่าง,,
C01,ค่าใช้จ่ายตอบแทนแรงงาน,50113137,ต.ค่าจ้างคนงาน,,
C01,ค่าใช้จ่ายตอบแทนแรงงาน,50113138,ต-เงินเพิ่มพิเศษ-วิชาชีพเฉพาะ,,
C01,ค่าใช้จ่ายตอบแทนแรงงาน,50113139,ต-เงินเพิ่มพิเศษ-รางวัลพนักงาน,,
C01,ค่าใช้จ่ายตอบแทนแรงงาน,50113140,ต-เงินเพิ่มพิเศษ-เพิ่มจากฐานเงินเดือน,,
C01,ค่าใช้จ่ายตอบแทนแรงงาน,50113141,ต-เงินค่าตอบแทนการทำงานเป็นผลัด,,
C01,ค่าใช้จ่ายตอบแทนแรงงาน,50113143,ต-เงินตอบแทนความชอบในการทำงาน-ผู้เกษียณอายุ,,
C01,ค่าใช้จ่ายตอบแทนแรงงาน,50113144,ต-เงินตอบแทนความชอบในการทำงาน-โครงการลาออกก่อนเกษียณอายุ,,
C01,ค่าใช้จ่ายตอบแทนแรงงาน,50113145,ต-เงินทดแทนตามกฎหมายแรงงานอื่น,,
C01,ค่าใช้จ่ายตอบแทนแรงงาน,50113146,ต-ค่าจ้าง OUTSOURCE - CALL CENTER/HELP DESK,,
C01,ค่าใช้จ่ายตอบแทนแรงงาน,50113147,ต-ค่าจ้างเหมางาน OPERATION SUPPORT,,
C01,ค่าใช้จ่ายตอบแทนแรงงาน,50211101,ข-เงินเดือน-พนักงาน,,
C01,ค่าใช้จ่ายตอบแทนแรงงาน,50211102,ข-ค่าล่วงเวลา-พนักงาน,,
C01,ค่าใช้จ่ายตอบแทนแรงงาน,50211103,ข-เงินเพิ่มพิเศษ-พนักงาน,,
C01,ค่าใช้จ่ายตอบแทนแรงงาน,50211104,ข-เงินเดือน-พนักงาน,,
C01,ค่าใช้จ่ายตอบแทนแรงงาน,50211105,เงินประจำตำแหน่งและเงินประจำตำแหน่งวิชาชีพอื่น-ขาย,,
C01,ค่าใช้จ่ายตอบแทนแรงงาน,50211106,โบนัสพนักงาน-ขาย,,
C01,ค่าใช้จ่ายตอบแทนแรงงาน,50211108,ข-เงินค่าครองชีพ-พนักงาน,,
C01,ค่าใช้จ่ายตอบแทนแรงงาน,50211109,ข-ค่าเบี้ยประชุม-พนักงาน,,
C01,ค่าใช้จ่ายตอบแทนแรงงาน,50211110,ข-ค่าวันหยุดพักผ่อน-ผู้เกษียณ-พนักงาน,,
C01,ค่าใช้จ่ายตอบแทนแรงงาน,50211111,ข-ค่าใช้จ่ายตอบแทนแรงงานอื่น-พนักงาน,,
C01,ค่าใช้จ่ายตอบแทนแรงงาน,50211112,ข-ค่าจ้าง-ลูกจ้าง,,
C01,ค่าใช้จ่ายตอบแทนแรงงาน,50211113,ข-ค่าล่วงเวลา-ลูกจ้าง,,
C01,ค่าใช้จ่ายตอบแทนแรงงาน,50211114,ข-เงินเพิ่มพิเศษ-ลูกจ้าง,,
C01,ค่าใช้จ่ายตอบแทนแรงงาน,50211115,ข-เงินค่าครองชีพ-ลูกจ้าง,,
C01,ค่าใช้จ่ายตอบแทนแรงงาน,50211116,ข-ค่าจ้างลูกจ้าง-OUTSOURCE,,
C01,ค่าใช้จ่ายตอบแทนแรงงาน,50211117,ข-ค่าใช้จ่ายตอบแทนแรงงานอื่น-ลูกจ้าง,,
C01,ค่าใช้จ่ายตอบแทนแรงงาน,50211118,ข-ค่าวันหยุดพักผ่อน-พนักงาน-ต้นทุนดอกเบี้ย,,
C01,ค่าใช้จ่ายตอบแทนแรงงาน,50211119,ข-ค่าจ้าง OUTSOURCE - ขับรถ,,
C01,ค่าใช้จ่ายตอบแทนแรงงาน,50211120,ข-ค่าจ้าง OUTSOURCE - ทีมงานขาย,,
C01,ค่าใช้จ่ายตอบแทนแรงงาน,50211121,ข-ค่าจ้าง OUTSOURCE - ต้อนรับ/บริการลูกค้า CAT SHOP,,
C01,ค่าใช้จ่ายตอบแทนแรงงาน,50211122,ข-ค่าจ้าง OUTSOURCE - CALL CENTER/HELP DESK,,
C01,ค่าใช้จ่ายตอบแทนแรงงาน,50211123,ข-ค่าจ้าง OUTSOURCE - บริการสำนักงาน,,
C01,ค่าใช้จ่ายตอบแทนแรงงาน,50211124,ข-ค่าจ้าง OUTSOURCE - ช่างสำนักงาน,,
C01,ค่าใช้จ่ายตอบแทนแรงงาน,50211125,ข-ค่าจ้าง OUTSOURCE - จัดทำข้อมูล/งานคลังพัสดุ,,
C01,ค่าใช้จ่ายตอบแทนแรงงาน,50211126,ข-ค่าจ้าง OUTSOURCE - เฉพาะกิจ,,
C01,ค่าใช้จ่ายตอบแทนแรงงาน,50211127,ข-ค่าจ้าง OUTSOURCE - จ้างระยะสั้น,,
C01,ค่าใช้จ่ายตอบแทนแรงงาน,50211128,ข-ค่าจ้าง-ผู้ปฏิบัติงานกลุ่ม Digital Service,,
C01,ค่าใช้จ่ายตอบแทนแรงงาน,50211129,ข-ค่าล่วงเวลา-ผู้ปฏิบัติงานกลุ่ม DIGITAL SERVICE,,
C01,ค่าใช้จ่ายตอบแทนแรงงาน,50211130,ข-เงินเพิ่มพิเศษ-ผู้ปฏิบัติงานกลุ่มDIGITAL SERVICE,,
C01,ค่าใช้จ่ายตอบแทนแรงงาน,50211131,ข-ค่าใช้จ่ายตอบแทนแรงงานอื่น-กลุ่ม DIGITAL SERVICE,,
C01,ค่าใช้จ่ายตอบแทนแรงงาน,50211132,ค่าจ้างแรงงาน - งานขาย,,
C01,ค่าใช้จ่ายตอบแทนแรงงาน,50211133,ค่าแรงพนักงาน - งานขาย,,
C01,ค่าใช้จ่ายตอบแทนแรงงาน,50211134,ค่าจ้างเหมาบุคคลภายนอก - งานขาย,,
C01,ค่าใช้จ่ายตอบแทนแรงงาน,50211146,ข-ค่าจ้างเหมางาน OPERATION SUPPORT,,
C01,ค่าใช้จ่ายตอบแทนแรงงาน,50311027,เงินเดือนพนักงาน,,
C01,ค่าใช้จ่ายตอบแทนแรงงาน,50311029,ค่าจ้างคนงาน,,
C01,ค่าใช้จ่ายตอบแทนแรงงาน,50311030,ค่าจ้างแรงงานพิเศษ,,
C01,ค่าใช้จ่ายตอบแทนแรงงาน,50311033,เงินช่วยเหลือค่าครองชีพพนักงาน,,
C01,ค่าใช้จ่ายตอบแทนแรงงาน,50311034,เงินประจำตำแหน่งและเงินประจำตำแหน่งวิชาชีพอื่น-บริหาร,,
C01,ค่าใช้จ่ายตอบแทนแรงงาน,50311035,เงินเพิ่มพิเศษวิชาชีพ-บริหาร,,
C01,ค่าใช้จ่ายตอบแทนแรงงาน,50311036,ค่าล่วงเวลา,,
C01,ค่าใช้จ่ายตอบแทนแรงงาน,50311037,เงินค่าตอบแทนการทำงานเป็นผลัด,,
C01,ค่าใช้จ่ายตอบแทนแรงงาน,50311039,โบนัสพนักงาน-บริหาร,,
C01,ค่าใช้จ่ายตอบแทนแรงงาน,50311045,เงินทดแทนตามกฎหมายแรงงาน,,
C01,ค่าใช้จ่ายตอบแทนแรงงาน,50311047,ค่าใช้จ่ายเงินตอบแทนตามกฎหมายแรงงาน - Current service cost ตามหลักการ Actuarial,,
C01,ค่าใช้จ่ายตอบแทนแรงงาน,50311048,ค่าใช้จ่ายเงินตอบแทนตามกฎหมายแรงงาน - Interest cost ตามหลักการ Actuarial,,
C01,ค่าใช้จ่ายตอบแทนแรงงาน,50311061,เงินทดแทนตามกฎหมายแรงงาน - โครงการลาออกก่อนเกษียณอายุ,,
C01,ค่าใช้จ่ายตอบแทนแรงงาน,50311064,เงินทดแทนตามกฎหมายแรงงานอื่น,,
C01,ค่าใช้จ่ายตอบแทนแรงงาน,50311065,ค่าใช้จ่าย Curtailment (gain/loss) - เงินตอบแทนตามกฎหมายแรงงาน,,
C01,ค่าใช้จ่ายตอบแทนแรงงาน,50311070,เงินเพิ่มพิเศษ - อื่น ๆ,,
C01,ค่าใช้จ่ายตอบแทนแรงงาน,50311071,เงินเพิ่มพิเศษ - รางวัลพนักงาน,,
C01,ค่าใช้จ่ายตอบแทนแรงงาน,50311080,บ-ค่าจ้าง-ผู้ปฏิบัติงานกลุ่ม Digital Service,,
C01,ค่าใช้จ่ายตอบแทนแรงงาน,50311081,บ-ค่าล่วงเวลา-ผู้ปฏิบัติงานกลุ่ม DIGITAL SERVICE,,
C01,ค่าใช้จ่ายตอบแทนแรงงาน,50311082,บ-เงินเพิ่มพิเศษ-ผู้ปฏิบัติงานกลุ่มDIGITAL SERVICE,,
C01,ค่าใช้จ่ายตอบแทนแรงงาน,50311083,บ-ค่าใช้จ่ายตอบแทนแรงงานอื่น-กลุ่ม DIGITAL SERVICE,,
C01,ค่าใช้จ่ายตอบแทนแรงงาน,50311101,เงินเดือนพนักงาน,,
C01,ค่าใช้จ่ายตอบแทนแรงงาน,50311102,บ-ค่าล่วงเวลา-พนักงาน,,
C01,ค่าใช้จ่ายตอบแทนแรงงาน,50311103,บ-เงินเพิ่มพิเศษ-พนักงาน,,
C01,ค่าใช้จ่ายตอบแทนแรงงาน,50311104,เงินเดือนพนักงาน,,
C01,ค่าใช้จ่ายตอบแทนแรงงาน,50311105,เงินประจำตำแหน่งและเงินประจำตำแหน่งวิชาชีพอื่น-บริหาร,,
C01,ค่าใช้จ่ายตอบแทนแรงงาน,50311106,โบนัสพนักงาน-บริหาร,,
C01,ค่าใช้จ่ายตอบแทนแรงงาน,50311108,เงินช่วยเหลือค่าครองชีพพนักงาน,,
C01,ค่าใช้จ่ายตอบแทนแรงงาน,50311109,บ-ค่าเบี้ยประชุม-พนักงาน,,
C01,ค่าใช้จ่ายตอบแทนแรงงาน,50311110,บ-ค่าวันหยุดพักผ่อน-ผู้เกษียณ-พนักงาน,,
C01,ค่าใช้จ่ายตอบแทนแรงงาน,50311111,บ-ค่าใช้จ่ายตอบแทนแรงงานอื่น-พนักงาน,,
C01,ค่าใช้จ่ายตอบแทนแรงงาน,50311112,บ-ค่าจ้าง-ลูกจ้าง,,
C01,ค่าใช้จ่ายตอบแทนแรงงาน,50311113,บ-ค่าล่วงเวลา-ลูกจ้าง,,
C01,ค่าใช้จ่ายตอบแทนแรงงาน,50311114,บ-เงินเพิ่มพิเศษ-ลูกจ้าง,,
C01,ค่าใช้จ่ายตอบแทนแรงงาน,50311115,บ-โบนัส-ลูกจ้าง,,
C01,ค่าใช้จ่ายตอบแทนแรงงาน,50311116,บ-เงินค่าครองชีพ-ลูกจ้าง,,
C01,ค่าใช้จ่ายตอบแทนแรงงาน,50311117,บ-ค่าจ้างลูกจ้าง-OUTSOURCE,,
C01,ค่าใช้จ่ายตอบแทนแรงงาน,50311118,บ-ค่าใช้จ่ายตอบแทนแรงงานอื่น-ลูกจ้าง,,
C01,ค่าใช้จ่ายตอบแทนแรงงาน,50311119,บ-ค่าวันหยุดพักผ่อน-พนักงาน-ต้นทุนดอกเบี้ย,,
C01,ค่าใช้จ่ายตอบแทนแรงงาน,50311120,บ-ค่าจ้าง OUTSOURCE - ขับรถ,,
C01,ค่าใช้จ่ายตอบแทนแรงงาน,50311121,บ-ค่าจ้าง OUTSOURCE - CALL CENTER/HELP DESK,,
C01,ค่าใช้จ่ายตอบแทนแรงงาน,50311122,บ-ค่าจ้าง OUTSOURCE - บริการสำนักงาน,,
C01,ค่าใช้จ่ายตอบแทนแรงงาน,50311123,บ-ค่าจ้าง OUTSOURCE - ช่างสำนักงาน,,
C01,ค่าใช้จ่ายตอบแทนแรงงาน,50311124,บ-ค่าจ้าง OUTSOURCE - จัดทำข้อมูล/งานคลังพัสดุ,,
C01,ค่าใช้จ่ายตอบแทนแรงงาน,50311125,บ-ค่าจ้าง OUTSOURCE - เฉพาะกิจ,,
C01,ค่าใช้จ่ายตอบแทนแรงงาน,50311126,บ-ค่าจ้าง OUTSOURCE - จ้างระยะสั้น,,
C01,ค่าใช้จ่ายตอบแทนแรงงาน,50311127,บ-ค่าจ้างเหมางาน OPERATION SUPPORT,,
C01,ค่าใช้จ่ายตอบแทนแรงงาน,50311135,ค่าตอบแทน - เพิ่มจากฐานเงินเดือน,,
C01,ค่าใช้จ่ายตอบแทนแรงงาน,50311136,ค่าจ้างเหมาบุคคลภายนอก - งานบริหาร,,
C01,ค่าใช้จ่ายตอบแทนแรงงาน,50311137,ค่าจ้างแรงงาน - งานบริหาร,,
C01,ค่าใช้จ่ายตอบแทนแรงงาน,50311141,ค่าจ้างเหมาบุคคลภายนอก - งานบริหาร,,
C01,ค่าใช้จ่ายตอบแทนแรงงาน,50321001,ต-เงินเดือน-ผู้บริหาร,,
C01,ค่าใช้จ่ายตอบแทนแรงงาน,50321002,ต-โบนัส-ผู้บริหาร,,
C01,ค่าใช้จ่ายตอบแทนแรงงาน,50321003,ต-เงินประจำตำแหน่ง-ผู้บริหาร,,
C01,ค่าใช้จ่ายตอบแทนแรงงาน,50321004,ต-ค่าเบี้ยประชุม-ผู้บริหาร,,
C01,ค่าใช้จ่ายตอบแทนแรงงาน,50321005,ต-เงินค่าครองชีพ-ผู้บริหาร,,
C01,ค่าใช้จ่ายตอบแทนแรงงาน,50321006,ต-เงินตอบแทนพิเศษเงินเดือนเต็มขั้นสูง-ผู้บริหาร,,
C01,ค่าใช้จ่ายตอบแทนแรงงาน,50321007,ต-ค่าล่วงเวลา-ผู้บริหาร,,
C01,ค่าใช้จ่ายตอบแทนแรงงาน,50321008,ต-ค่าวันหยุดพักผ่อน-ผู้เกษียณ-ผู้บริหาร,,
C01,ค่าใช้จ่ายตอบแทนแรงงาน,50321009,ต-ค่าใช้จ่ายตอบแทนแรงงานอื่น-ผู้บริหาร,,
C01,ค่าใช้จ่ายตอบแทนแรงงาน,50321010,ต-ค่าวันหยุดพักผ่อน-ผู้บริหาร-ต้นทุนดอกเบี้ย,,
C01,ค่าใช้จ่ายตอบแทนแรงงาน,50321011,ข-เงินเดือน-ผู้บริหาร,,
C01,ค่าใช้จ่ายตอบแทนแรงงาน,50321012,ข-โบนัส-ผู้บริหาร,,
C01,ค่าใช้จ่ายตอบแทนแรงงาน,50321013,ข-เงินประจำตำแหน่ง-ผู้บริหาร,,
C01,ค่าใช้จ่ายตอบแทนแรงงาน,50321036,ข-ค่าเบี้ยประชุม-ผู้บริหาร,,
C01,ค่าใช้จ่ายตอบแทนแรงงาน,50321014,ข-เงินค่าครองชีพ-ผู้บริหาร,,
C01,ค่าใช้จ่ายตอบแทนแรงงาน,50321015,ข-เงินตอบแทนพิเศษเงินเดือนเต็มขั้นสูง-ผู้บริหาร,,
C01,ค่าใช้จ่ายตอบแทนแรงงาน,50321016,ข-ค่าล่วงเวลา-ผู้บริหาร,,
C01,ค่าใช้จ่ายตอบแทนแรงงาน,50321017,ข-ค่าวันหยุดพักผ่อน-ผู้เกษียณ-ผู้บริหาร,,
C01,ค่าใช้จ่ายตอบแทนแรงงาน,50321018,ข-ค่าวันหยุดพักผ่อน-ผู้บริหาร-ต้นทุนดอกเบี้ย,,
C01,ค่าใช้จ่ายตอบแทนแรงงาน,50321019,บ-เงินเดือน-ผู้บริหาร,,
C01,ค่าใช้จ่ายตอบแทนแรงงาน,50321020,บ-โบนัส-ผู้บริหาร,,
C01,ค่าใช้จ่ายตอบแทนแรงงาน,50321021,บ-ค่าตอบแทนคณะกรรมการ,,
C01,ค่าใช้จ่ายตอบแทนแรงงาน,50321022,บ-เงินประจำตำแหน่ง-ผู้บริหาร,,
C01,ค่าใช้จ่ายตอบแทนแรงงาน,50321023,บ-ค่าเบี้ยประชุม-ผู้บริหาร,,
C01,ค่าใช้จ่ายตอบแทนแรงงาน,50321024,บ-เงินค่าจ้างในตำแหน่งผู้บริหาร-OUTSOURCE,,
C01,ค่าใช้จ่ายตอบแทนแรงงาน,50321025,บ-เงินค่าครองชีพ-ผู้บริหาร,,
C01,ค่าใช้จ่ายตอบแทนแรงงาน,50321026,บ-เงินตอบแทนพิเศษเงินเดือนเต็มขั้นสูง-ผู้บริหาร,,
C01,ค่าใช้จ่ายตอบแทนแรงงาน,50321027,บ-ค่าล่วงเวลา-ผู้บริหาร,,
C01,ค่าใช้จ่ายตอบแทนแรงงาน,50321028,บ-ค่าวันหยุดพักผ่อน-ผู้เกษียณ-ผู้บริหาร,,
C01,ค่าใช้จ่ายตอบแทนแรงงาน,50321029,บ-ค่าใช้จ่ายตอบแทนแรงงานอื่น-ผู้บริหาร,,
C01,ค่าใช้จ่ายตอบแทนแรงงาน,50321030,บ-ค่าวันหยุดพักผ่อน-ผู้บริหาร-ต้นทุนดอกเบี้ย,,
C01,ค่าใช้จ่ายตอบแทนแรงงาน,50321031,เงินเดือนกรรมการบริษัท,,
C01,ค่าใช้จ่ายตอบแทนแรงงาน,50321032,ค่าเบี้ยประชุมกรรมการบริษัท,,
C01,ค่าใช้จ่ายตอบแทนแรงงาน,50321033,ค่าตอบแทนกรรมการอื่น ๆ,,
C01,ค่าใช้จ่ายตอบแทนแรงงาน,50321034,ค่าตอบแทนผู้บริหารระดับสูง,,
C01,ค่าใช้จ่ายตอบแทนแรงงาน,50321035,โบนัสผู้บริหารระดับสูง,,
C01,ค่าใช้จ่ายตอบแทนแรงงาน,50111508,ต-เงินเดือนและค่าจ้าง-ดาวเทียม,,
C01,ค่าใช้จ่ายตอบแทนแรงงาน,50219108,ข-เงินเดือนและค่าจ้าง-ดาวเทียม,,
C01,ค่าใช้จ่ายตอบแทนแรงงาน,50331008,บ-เงินเดือนและค่าจ้าง-ดาวเทียม,,
C01,ค่าใช้จ่ายตอบแทนแรงงาน,50113205,ต-เงินตอบแทนความชอบในการทำงาน-พนักงาน,,
C01,ค่าใช้จ่ายตอบแทนแรงงาน,50113207,ต-เงินตอบแทนความชอบในการทำงาน-ลูกจ้าง,,
C01,ค่าใช้จ่ายตอบแทนแรงงาน,50113208,ต-เงินตอบแทนความชอบในการทำงาน-พนักงาน-ต้นทุนดอกเบี้ย,,
C01,ค่าใช้จ่ายตอบแทนแรงงาน,50113210,ต-เงินตอบแทนความชอบในการทำงาน-ลูกจ้าง-ต้นทุนดอกเบี้ย,,
C01,ค่าใช้จ่ายตอบแทนแรงงาน,50211213,ข-เงินตอบแทนความชอบในการทำงาน-พนักงาน,,
C01,ค่าใช้จ่ายตอบแทนแรงงาน,50211220,ข-เงินตอบแทนความชอบในการทำงาน-ลูกจ้าง,,
C01,ค่าใช้จ่ายตอบแทนแรงงาน,50211226,ข-เงินตอบแทนความชอบในการทำงาน-พนักงาน-ต้นทุนดอกเบี้ย,,
C01,ค่าใช้จ่ายตอบแทนแรงงาน,50211135,ค่าใช้จ่ายขาย-เงินเดือน (ปป.เดบิต),,
C01,ค่าใช้จ่ายตอบแทนแรงงาน,50211136,ข-ค่าจ้างคนงาน,,
C01,ค่าใช้จ่ายตอบแทนแรงงาน,50211137,ข-เงินเพิ่มพิเศษ-วิชาชีพเฉพาะ,,
C01,ค่าใช้จ่ายตอบแทนแรงงาน,50211138,ข-เงินเพิ่มพิเศษ-อื่น ๆ,,
C01,ค่าใช้จ่ายตอบแทนแรงงาน,50211139,ข-เงินเพิ่มพิเศษ-รางวัลพนักงาน,,
C01,ค่าใช้จ่ายตอบแทนแรงงาน,50211140,ข-ค่าตอบแทน-เพิ่มจากฐานเงินเดือน,,
C01,ค่าใช้จ่ายตอบแทนแรงงาน,50211141,ข-เงินค่าตอบแทนการทำงานเป็นผลัด,,
C01,ค่าใช้จ่ายตอบแทนแรงงาน,50211143,ข-เงินตอบแทนความชอบในการทำงาน-ผู้เกษียณอายุ,,
C01,ค่าใช้จ่ายตอบแทนแรงงาน,50211144,ข-เงินตอบแทนความชอบในการทำงาน-โครงการลาออกก่อนเกษียณอายุ,,
C01,ค่าใช้จ่ายตอบแทนแรงงาน,50211145,ข-เงินทดแทนตามกฎหมายแรงงานอื่น,,
C01,ค่าใช้จ่ายตอบแทนแรงงาน,50211230,ข-เงินตอบแทนความชอบในการทำงาน-ลูกจ้าง-ต้นทุนดอกเบี้ย,,
C01,ค่าใช้จ่ายตอบแทนแรงงาน,50311213,บ-เงินตอบแทนความชอบในการทำงาน-พนักงาน,,
C01,ค่าใช้จ่ายตอบแทนแรงงาน,50311220,บ-เงินตอบแทนความชอบในการทำงาน-ลูกจ้าง,,
C01,ค่าใช้จ่ายตอบแทนแรงงาน,50311226,บ-เงินตอบแทนความชอบในการทำงาน-พนักงาน-ต้นทุนดอกเบี้ย,,
C01,ค่าใช้จ่ายตอบแทนแรงงาน,50311142,ปรับปรุงค่าใช้จ่ายบริหาร-เงินเดือนไปขาย (ยอดดุลเครดิต),,
C01,ค่าใช้จ่ายตอบแทนแรงงาน,50311143,ค่าใช้จ่ายวันลาพักร้อนสะสม,,
C01,ค่าใช้จ่ายตอบแทนแรงงาน,50311230,บ-เงินตอบแทนความชอบในการทำงาน-ลูกจ้าง-ต้นทุนดอกเบี้ย,,
C01,ค่าใช้จ่ายตอบแทนแรงงาน,50322011,ต-เงินตอบแทนความชอบในการทำงาน-ผู้บริหาร,,
C01,ค่าใช้จ่ายตอบแทนแรงงาน,50322018,ต-เงินตอบแทนความชอบในการทำงาน-ผู้บริหาร-ต้นทุนดอกเบี้ย,,
C01,ค่าใช้จ่ายตอบแทนแรงงาน,50322032,ข-เงินตอบแทนความชอบในการทำงาน-ผู้บริหาร,,
C01,ค่าใช้จ่ายตอบแทนแรงงาน,50322039,ข-เงินตอบแทนความชอบในการทำงาน-ผู้บริหาร-ต้นทุนดอกเบี้ย,,
C01,ค่าใช้จ่ายตอบแทนแรงงาน,50322054,บ-เงินตอบแทนความชอบในการทำงาน-ผู้บริหาร,,
C01,ค่าใช้จ่ายตอบแทนแรงงาน,50322061,บ-เงินตอบแทนความชอบในการทำงาน-ผู้บริหาร-ต้นทุนดอกเบี้ย,,
C21,ค่าใช้จ่ายตอบแทนแรงงาน-ER,50113107,เงินชดเชยพนักงานเกษียณอายุก่อนกำหนด- บริการ,,
C21,ค่าใช้จ่ายตอบแทนแรงงาน-ER,50211107,เงินชดเชยพนักงานเกษียณอายุก่อนกำหนด-ขาย,,
C21,ค่าใช้จ่ายตอบแทนแรงงาน-ER,50113142,เงินชดเชยเกษียณอายุก่อนกำหนด- บริการ,,
C21,ค่าใช้จ่ายตอบแทนแรงงาน-ER,50211142,เงินชดเชยเกษียณอายุก่อนกำหนด-ขาย,,
C21,ค่าใช้จ่ายตอบแทนแรงงาน-ER,50311044,เงินชดเชยพนักงานเกษียณอายุก่อนกำหนด-บริหาร,,
C21,ค่าใช้จ่ายตอบแทนแรงงาน-ER,50311107,เงินชดเชยพนักงานเกษียณอายุก่อนกำหนด-บริหาร,,
C02,ค่าสวัสดิการ,50113201,ต-ค่าสวัสดิการอื่น-พนักงาน-ต้นทุนดอกเบี้ย,,
C02,ค่าสวัสดิการ,50113202,ต-ค่าเบี้ยประกันสุขภาพ-กลุ่ม DIGITAL SERVICE,,
C02,ค่าสวัสดิการ,50113203,ต-เงินช่วยเหลือเกี่ยวกับบุตร-กลุ่ม DIGITAL SERVICE,,
C02,ค่าสวัสดิการ,50113204,ต-เงินชดเชย เงินทดแทน-กลุ่ม DIGITAL SERVICE,,
C02,ค่าสวัสดิการ,50113206,ต-ค่าวันหยุดพักผ่อน-ผู้เกษียณ-พนักงาน,,
C02,ค่าสวัสดิการ,50113209,ต-ค่าวันหยุดพักผ่อน-ผู้เกษียณ-พนักงาน-ต้นทุนดอกเบี้ย,,
C02,ค่าสวัสดิการ,50113211,ต-ค่ารักษาพยาบาล-พนักงาน,,
C02,ค่าสวัสดิการ,50113212,ต-ค่ารักษาพยาบาล-ลูกจ้าง,,
C02,ค่าสวัสดิการ,50113213,ต-เงินช่วยเหลือเกี่ยวกับบุตร-พนักงาน,,
C02,ค่าสวัสดิการ,50113214,ต-เงินช่วยเหลือเกี่ยวกับบุตร-ลูกจ้าง,,
C02,ค่าสวัสดิการ,50113215,ต-ค่าเครื่องแบบ-พนักงาน,,
C02,ค่าสวัสดิการ,50113216,ต-ค่าเครื่องแบบ-ลูกจ้าง,,
C02,ค่าสวัสดิการ,50113217,กองทุนสำรองเลี้ยงชีพ - บริการ,,
C02,ค่าสวัสดิการ,50113218,ต-เงินจ่ายสมทบกองทุนบำเหน็จ-พนักงาน,,
C02,ค่าสวัสดิการ,50113219,ต-เงินจ่ายสมทบกองทุนบำเหน็จ-พนักงาน-ต้นทุนดอกเบี้ย,,
C02,ค่าสวัสดิการ,50113220,ต-เงินชดเชย เงินทดแทน-พนักงาน,,
C02,ค่าสวัสดิการ,50113221,ต-เงินชดเชย เงินทดแทน-ลูกจ้าง,,
C02,ค่าสวัสดิการ,50113222,ต-ค่าเบี้ยประกันชีวิต-พนักงาน,,
C02,ค่าสวัสดิการ,50113223,ต-ค่าส่งเสริมกีฬาและสันทนาการ-พนักงาน,,
C02,ค่าสวัสดิการ,50113224,ต-ค่าสวัสดิการบ้านพัก-พนักงาน,,
C02,ค่าสวัสดิการ,50113225,ต-เงินสมทบค่ายานพาหนะ-พนักงาน,,
C02,ค่าสวัสดิการ,50113226,ต-ค่าใช้จ่ายในการรับ-ส่งพนักงาน,,
C02,ค่าสวัสดิการ,50113227,ต-ผลประโยชน์หลังออกจากงานอื่น-พนักงาน,,
C02,ค่าสวัสดิการ,50113228,ต-ผลประโยชน์ระยะยาวอื่น-พนักงาน,,
C02,ค่าสวัสดิการ,50113229,ต-ค่าสวัสดิการอื่น-พนักงาน,,
C02,ค่าสวัสดิการ,50113230,ต-ผลประโยชน์หลังออกจากงานอื่น-ลูกจ้าง,,
C02,ค่าสวัสดิการ,50113231,ต-ค่าสวัสดิการอื่น-ลูกจ้าง,,
C02,ค่าสวัสดิการ,50113232,ต-ผลประโยชน์หลังออกจากงานอื่น-พนักงาน-ต้นทุนดอกเบี้ย,,
C02,ค่าสวัสดิการ,50113233,ต-ผลประโยชน์ระยะยาวอื่น-พนักงาน-ต้นทุนดอกเบี้ย,,
C02,ค่าสวัสดิการ,50113234,ต-ผลประโยชน์หลังออกจากงานอื่น-ลูกจ้าง-ต้นทุนดอกเบี้ย,,
C02,ค่าสวัสดิการ,50113235,ค่าเบี้ยเลี้ยงและที่พัก,,
C02,ค่าสวัสดิการ,50113236,ค่าพาหนะเดินทาง,,
C02,ค่าสวัสดิการ,50113237,ต-เงินสงเคราะห์บุตร,,
C02,ค่าสวัสดิการ,50113238,ต-เงินช่วยเหลือการศึกษาบุตร,,
C02,ค่าสวัสดิการ,50113239,ต-เงินช่วยเหลือการคลอดบุตร,,
C02,ค่าสวัสดิการ,50113240,ต-เงินสมทบกองทุน-สสท.,,
C02,ค่าสวัสดิการ,50113241,ต-เครื่องแต่งกาย,,
C02,ค่าสวัสดิการ,50113242,ต-ค่าใช้จ่ายพนักงานอื่น ๆ,,
C02,ค่าสวัสดิการ,50113243,ค่าสวัสดิการอื่น-ปป.จาก HR,,
C02,ค่าสวัสดิการ,50211201,ข-เงินจ่ายสมทบกองทุนบำเหน็จ-พนักงาน,,
C02,ค่าสวัสดิการ,50211202,กองทุนสำรองเลี้ยงชีพ-ขาย,,
C02,ค่าสวัสดิการ,50211203,ข-ค่าเบี้ยประกันชีวิต-พนักงาน,,
C02,ค่าสวัสดิการ,50211204,ข-ค่ารักษาพยาบาล-พนักงาน,,
C02,ค่าสวัสดิการ,50211205,ข-เงินช่วยเหลือเกี่ยวกับบุตร-พนักงาน,,
C02,ค่าสวัสดิการ,50211206,ข-เงินชดเชย เงินทดแทน-พนักงาน,,
C02,ค่าสวัสดิการ,50211207,ค่าเครื่องแบบ-ขาย,,
C02,ค่าสวัสดิการ,50211208,ข-ค่าส่งเสริมกีฬาและสันทนาการ-พนักงาน,,
C02,ค่าสวัสดิการ,50211209,ข-ค่าสวัสดิการบ้านพัก-พนักงาน,,
C02,ค่าสวัสดิการ,50211210,ข-เงินสมทบค่ายานพาหนะ-พนักงาน,,
C02,ค่าสวัสดิการ,50211211,ข-ค่าใช้จ่ายในการรับ-ส่งพนักงาน,,
C02,ค่าสวัสดิการ,50211212,ข-ผลประโยชน์หลังออกจากงานอื่น-พนักงาน,,
C02,ค่าสวัสดิการ,50211214,ข-ค่าวันหยุดพักผ่อน-ผู้เกษียณ-พนักงาน,,
C02,ค่าสวัสดิการ,50211215,ข-ผลประโยชน์ระยะยาวอื่น-พนักงาน,,
C02,ค่าสวัสดิการ,50211216,ข-ค่าสวัสดิการอื่น-พนักงาน,,
C02,ค่าสวัสดิการ,50211217,ข-ค่ารักษาพยาบาล-ลูกจ้าง,,
C02,ค่าสวัสดิการ,50211218,ข-เงินช่วยเหลือเกี่ยวกับบุตร-ลูกจ้าง,,
C02,ค่าสวัสดิการ,50211219,ข-เงินชดเชย เงินทดแทน-ลูกจ้าง,,
C02,ค่าสวัสดิการ,50211221,ข-ผลประโยชน์หลังออกจากงานอื่น-ลูกจ้าง,,
C02,ค่าสวัสดิการ,50211222,ข-ค่าสวัสดิการอื่น-ลูกจ้าง,,
C02,ค่าสวัสดิการ,50211223,ข-เงินจ่ายสมทบกองทุนบำเหน็จ-พนักงาน-ต้นทุนดอกเบี้ย,,
C02,ค่าสวัสดิการ,50211224,ข-ค่าชดเชย เงินทดแทน และเงินเพื่อตอบแทนความชอบในการทำงาน-พนักงาน-ต้นทุนดอกเบี้ย,,
C02,ค่าสวัสดิการ,50211225,ข-ผลประโยชน์หลังออกจากงานอื่น-พนักงาน-ต้นทุนดอกเบี้ย,,
C02,ค่าสวัสดิการ,50211227,ข-ค่าวันหยุดพักผ่อน-ผู้เกษียณ-พนักงาน-ต้นทุนดอกเบี้ย,,
C02,ค่าสวัสดิการ,50211228,ข-ผลประโยชน์ระยะยาวอื่น-พนักงาน-ต้นทุนดอกเบี้ย,,
C02,ค่าสวัสดิการ,50211229,ข-ค่าสวัสดิการอื่น-พนักงาน-ต้นทุนดอกเบี้ย,,
C02,ค่าสวัสดิการ,50211231,ข-ผลประโยชน์หลังออกจากงานอื่น-ลูกจ้าง-ต้นทุนดอกเบี้ย,,
C02,ค่าสวัสดิการ,50211232,ข-ค่าเบี้ยประกันสุขภาพ-กลุ่ม DIGITAL SERVICE,,
C02,ค่าสวัสดิการ,50211233,ข-เงินช่วยเหลือเกี่ยวกับบุตร-กลุ่ม DIGITAL SERVICE,,
C02,ค่าสวัสดิการ,50211234,ข-เงินชดเชย เงินทดแทน-กลุ่ม DIGITAL SERVICE,,
C02,ค่าสวัสดิการ,50211235,ค่าใช้จ่ายขาย-สวัสดิการ  (ปป.เดบิต),,
C02,ค่าสวัสดิการ,50211236,ค่าพาหนะเดินทาง-ขาย,,
C02,ค่าสวัสดิการ,50211237,ข-เงินสงเคราะห์บุตร,,
C02,ค่าสวัสดิการ,50211238,ข-เงินช่วยเหลือการศึกษาบุตร,,
C02,ค่าสวัสดิการ,50211239,ข-เงินช่วยเหลือการคลอดบุตร,,
C02,ค่าสวัสดิการ,50211240,ข-เงินสมทบกองทุน-สสท.,,
C02,ค่าสวัสดิการ,50211241,ข-ค่าเบี้ยเลี้ยง,,
C02,ค่าสวัสดิการ,50211242,ข-ค่าเครื่องแต่งกาย,,
C02,ค่าสวัสดิการ,50211243,ข-ค่าใช้จ่ายพนักงานอื่นๆ,,
C02,ค่าสวัสดิการ,50211244,ค่าที่พัก-ขาย,,
C02,ค่าสวัสดิการ,50311201,บ-เงินจ่ายสมทบกองทุนบำเหน็จ-พนักงาน,,
C02,ค่าสวัสดิการ,50311202,กองทุนสำรองเลี้ยงชีพ-บริหาร,,
C02,ค่าสวัสดิการ,50311203,บ-ค่าเบี้ยประกันชีวิต-พนักงาน,,
C02,ค่าสวัสดิการ,50311204,บ-ค่ารักษาพยาบาล-พนักงาน,,
C02,ค่าสวัสดิการ,50311205,บ-เงินช่วยเหลือเกี่ยวกับบุตร-พนักงาน,,
C02,ค่าสวัสดิการ,50311206,บ-เงินชดเชย เงินทดแทน-พนักงาน,,
C02,ค่าสวัสดิการ,50311207,ค่าเครื่องแบบ-บริหาร,,
C02,ค่าสวัสดิการ,50311208,บ-ค่าส่งเสริมกีฬาและสันทนาการ-พนักงาน,,
C02,ค่าสวัสดิการ,50311209,บ-ค่าสวัสดิการบ้านพัก-พนักงาน,,
C02,ค่าสวัสดิการ,50311210,บ-เงินสมทบค่ายานพาหนะ-พนักงาน,,
C02,ค่าสวัสดิการ,50311211,บ-ค่าใช้จ่ายในการรับ-ส่งพนักงาน,,
C02,ค่าสวัสดิการ,50311212,บ-ผลประโยชน์หลังออกจากงานอื่น-พนักงาน,,
C02,ค่าสวัสดิการ,50311214,บ-ค่าวันหยุดพักผ่อน-ผู้เกษียณ-พนักงาน,,
C02,ค่าสวัสดิการ,50311215,บ-ผลประโยชน์ระยะยาวอื่น-พนักงาน,,
C02,ค่าสวัสดิการ,50311216,บ-ค่าสวัสดิการอื่น-พนักงาน,,
C02,ค่าสวัสดิการ,50311217,บ-ค่ารักษาพยาบาล-ลูกจ้าง,,
C02,ค่าสวัสดิการ,50311218,บ-เงินช่วยเหลือเกี่ยวกับบุตร-ลูกจ้าง,,
C02,ค่าสวัสดิการ,50311219,บ-เงินชดเชย เงินทดแทน-ลูกจ้าง,,
C02,ค่าสวัสดิการ,50311221,บ-ผลประโยชน์หลังออกจากงานอื่น-ลูกจ้าง,,
C02,ค่าสวัสดิการ,50311222,บ-ค่าสวัสดิการอื่น-ลูกจ้าง,,
C02,ค่าสวัสดิการ,50311223,บ-เงินจ่ายสมทบกองทุนบำเหน็จ-พนักงาน-ต้นทุนดอกเบี้ย,,
C02,ค่าสวัสดิการ,50311224,บ-ค่าชดเชย เงินทดแทน และเงินเพื่อตอบแทนความชอบในการทำงาน-พนักงาน-ต้นทุนดอกเบี้ย,,
C02,ค่าสวัสดิการ,50311225,บ-ผลประโยชน์หลังออกจากงานอื่น-พนักงาน-ต้นทุนดอกเบี้ย,,
C02,ค่าสวัสดิการ,50311227,บ-ค่าวันหยุดพักผ่อน-ผู้เกษียณ-พนักงาน-ต้นทุนดอกเบี้ย,,
C02,ค่าสวัสดิการ,50311228,บ-ผลประโยชน์ระยะยาวอื่น-พนักงาน-ต้นทุนดอกเบี้ย,,
C02,ค่าสวัสดิการ,50311229,บ-ค่าสวัสดิการอื่น-พนักงาน-ต้นทุนดอกเบี้ย,,
C02,ค่าสวัสดิการ,50311231,บ-ผลประโยชน์หลังออกจากงานอื่น-ลูกจ้าง-ต้นทุนดอกเบี้ย,,
C02,ค่าสวัสดิการ,50311232,บ-ค่าเบี้ยประกันสุขภาพ-กลุ่ม DIGITAL SERVICE,,
C02,ค่าสวัสดิการ,50311233,บ-เงินช่วยเหลือเกี่ยวกับบุตร-กลุ่ม DIGITAL SERVICE,,
C02,ค่าสวัสดิการ,50311234,บ-เงินชดเชย เงินทดแทน-กลุ่ม DIGITAL SERVICE,,
C02,ค่าสวัสดิการ,50311235,ค่าเช่าบ้าน-บริหาร,,
C02,ค่าสวัสดิการ,50311236,ค่ารักษาพยาบาล,,
C02,ค่าสวัสดิการ,50311237,เงินสงเคราะห์บุตร,,
C02,ค่าสวัสดิการ,50311238,เงินช่วยเหลือการศึกษาบุตร-บริหาร,,
C02,ค่าสวัสดิการ,50311239,ค่าเครื่องแบบ-บริหาร,,
C02,ค่าสวัสดิการ,50311240,เงินช่วยเหลือการคลอดบุตร,,
C02,ค่าสวัสดิการ,50311241,ค่าส่งเสริมกีฬาและบันเทิง,,
C02,ค่าสวัสดิการ,50311242,สวัสดิการอื่น ๆ,,
C02,ค่าสวัสดิการ,50311243,ค่าใช้จ่ายวันลาพักร้อนสะสม,,
C02,ค่าสวัสดิการ,50311247,ค่าใช้จ่าย - วันลาพักร้อนจ่ายจริง,,
C02,ค่าสวัสดิการ,50311248,เงินรางวัลพนักงานเมื่อเกษียณอายุ,,
C02,ค่าสวัสดิการ,50311249,ค่าเครื่องแต่งกาย,,
C02,ค่าสวัสดิการ,50311250,ค่ารับรองตามสิทธิไปต่างประเทศ,,
C02,ค่าสวัสดิการ,50311251,กองทุนสำรองเลี้ยงชีพ-บริหาร,,
C02,ค่าสวัสดิการ,50311252,เงินสมทบกองทุน-สสท.,,
C02,ค่าสวัสดิการ,50311253,คชจ.เงินสมทบกองทุนสสท.-Current service cost - Act.,,
C02,ค่าสวัสดิการ,50311254,คชจ.พนง.เงินสมทบกองทุนสสท.- Interest cost ตาม Act.,,
C02,ค่าสวัสดิการ,50311255,เงินสมทบกองทุน-สสท.,,
C02,ค่าสวัสดิการ,50311256,คชจ.Curtailment(gain/loss)-เงินสมทบกองทุนสสท.,,
C02,ค่าสวัสดิการ,50311257,ค่าเบี้ยประกันพนักงาน,,
C02,ค่าสวัสดิการ,50311258,เงินสมทบกองทุนส่งเสริมและพัฒนาคุณภาพชีวิตคนพิการ,,
C02,ค่าสวัสดิการ,50311259,ค่าเบี้ยเลี้ยง,,
C02,ค่าสวัสดิการ,50311260,ค่าพาหนะ,,
C02,ค่าสวัสดิการ,50311261,ค่าหนังสือและวารสาร,,
C02,ค่าสวัสดิการ,50311262,ทุนการศึกษา,,
C02,ค่าสวัสดิการ,50311263,ค่าที่พัก,,
C02,ค่าสวัสดิการ,50311264,ปรับปรุงค่าใช้จ่ายบริหาร-สวัสดิการไปขาย (ยอดดุลเครดิต),,
C02,ค่าสวัสดิการ,50322001,ต-เงินจ่ายสมทบกองทุนบำเหน็จ-ผู้บริหาร,,
C02,ค่าสวัสดิการ,50322002,ต-เงินจ่ายสมทบกองทุนสำรองเลี้ยงชีพ-ผู้บริหาร,,
C02,ค่าสวัสดิการ,50322003,ต-ค่าเบี้ยประกัน-ผู้บริหาร,,
C02,ค่าสวัสดิการ,50322004,ต-ค่ารักษาพยาบาล-ผู้บริหาร,,
C02,ค่าสวัสดิการ,50322005,ต-เงินช่วยเหลือเกี่ยวกับบุตร-ผู้บริหาร,,
C02,ค่าสวัสดิการ,50322006,ต-เงินชดเชย เงินทดแทน-ผู้บริหาร,,
C02,ค่าสวัสดิการ,50322007,ต-ค่าเครื่องแบบ-ผู้บริหาร,,
C02,ค่าสวัสดิการ,50322008,ต-ค่าสวัสดิการบ้านพัก-ผู้บริหาร,,
C02,ค่าสวัสดิการ,50322009,ต-เงินสมทบค่ายานพาหนะ-ผู้บริหาร,,
C02,ค่าสวัสดิการ,50322010,ต-ผลประโยชน์หลังออกจากงานอื่น-ผู้บริหาร,,
C02,ค่าสวัสดิการ,50322012,ต-ค่าวันหยุดพักผ่อน-ผู้เกษียณ-ผู้บริหาร,,
C02,ค่าสวัสดิการ,50322013,ต-ผลประโยชน์ระยะยาวอื่น-ผู้บริหาร,,
C02,ค่าสวัสดิการ,50322014,ต-ค่าสวัสดิการอื่น-ผู้บริหาร,,
C02,ค่าสวัสดิการ,50322015,ต-เงินจ่ายสมทบกองทุนบำเหน็จ-ผู้บริหาร-ต้นทุนดอกเบี้ย,,
C02,ค่าสวัสดิการ,50322016,ต-ค่าชดเชย เงินทดแทน และเงินเพื่อตอบแทนความชอบในการทำงาน-ผู้บริหาร-ต้นทุนดอกเบี้ย,,
C02,ค่าสวัสดิการ,50322017,ต-ผลประโยชน์หลังออกจากงานอื่น-ผู้บริหาร-ต้นทุนดอกเบี้ย,,
C02,ค่าสวัสดิการ,50322019,ต-ค่าวันหยุดพักผ่อน-ผู้เกษียณ-ผู้บริหาร-ต้นทุนดอกเบี้ย,,
C02,ค่าสวัสดิการ,50322020,ต-ผลประโยชน์ระยะยาวอื่น-ผู้บริหาร-ต้นทุนดอกเบี้ย,,
C02,ค่าสวัสดิการ,50322021,ต-ค่าสวัสดิการอื่น-ผู้บริหาร-ต้นทุนดอกเบี้ย,,
C02,ค่าสวัสดิการ,50322022,ข-เงินจ่ายสมทบกองทุนบำเหน็จ-ผู้บริหาร,,
C02,ค่าสวัสดิการ,50322023,ข-เงินจ่ายสมทบกองทุนสำรองเลี้ยงชีพ-ผู้บริหาร,,
C02,ค่าสวัสดิการ,50322024,ข-ค่าเบี้ยประกัน-ผู้บริหาร,,
C02,ค่าสวัสดิการ,50322025,ข-ค่ารักษาพยาบาล-ผู้บริหาร,,
C02,ค่าสวัสดิการ,50322026,ข-เงินช่วยเหลือเกี่ยวกับบุตร-ผู้บริหาร,,
C02,ค่าสวัสดิการ,50322027,ข-เงินชดเชย เงินทดแทน-ผู้บริหาร,,
C02,ค่าสวัสดิการ,50322028,ข-ค่าเครื่องแบบ-ผู้บริหาร,,
C02,ค่าสวัสดิการ,50322029,ข-ค่าสวัสดิการบ้านพัก-ผู้บริหาร,,
C02,ค่าสวัสดิการ,50322030,ข-เงินสมทบค่ายานพาหนะ-ผู้บริหาร,,
C02,ค่าสวัสดิการ,50322031,ข-ผลประโยชน์หลังออกจากงานอื่น-ผู้บริหาร,,
C02,ค่าสวัสดิการ,50322033,ข-ค่าวันหยุดพักผ่อน-ผู้เกษียณ-ผู้บริหาร,,
C02,ค่าสวัสดิการ,50322034,ข-ผลประโยชน์ระยะยาวอื่น-ผู้บริหาร,,
C02,ค่าสวัสดิการ,50322035,ข-ค่าสวัสดิการอื่น-ผู้บริหาร,,
C02,ค่าสวัสดิการ,50322036,ข-เงินจ่ายสมทบกองทุนบำเหน็จ-ผู้บริหาร-ต้นทุนดอกเบี้ย,,
C02,ค่าสวัสดิการ,50322037,ข-ค่าชดเชย เงินทดแทน และเงินเพื่อตอบแทนความชอบในการทำงาน-ผู้บริหาร-ต้นทุนดอกเบี้ย,,
C02,ค่าสวัสดิการ,50322038,ข-ผลประโยชน์หลังออกจากงานอื่น-ผู้บริหาร-ต้นทุนดอกเบี้ย,,
C02,ค่าสวัสดิการ,50322040,ข-ค่าวันหยุดพักผ่อน-ผู้เกษียณ-ผู้บริหาร-ต้นทุนดอกเบี้ย,,
C02,ค่าสวัสดิการ,50322041,ข-ผลประโยชน์ระยะยาวอื่น-ผู้บริหาร-ต้นทุนดอกเบี้ย,,
C02,ค่าสวัสดิการ,50322042,ข-ค่าสวัสดิการอื่น-ผู้บริหาร-ต้นทุนดอกเบี้ย,,
C02,ค่าสวัสดิการ,50322043,บ-เงินจ่ายสมทบกองทุนบำเหน็จ-ผู้บริหาร,,
C02,ค่าสวัสดิการ,50322044,บ-เงินจ่ายสมทบกองทุนสำรองเลี้ยงชีพ-ผู้บริหาร,,
C02,ค่าสวัสดิการ,50322045,บ-ค่าเบี้ยประกัน-ผู้บริหาร,,
C02,ค่าสวัสดิการ,50322046,บ-ค่ารักษาพยาบาล-ผู้บริหาร,,
C02,ค่าสวัสดิการ,50322047,บ-เงินช่วยเหลือเกี่ยวกับบุตร-ผู้บริหาร,,
C02,ค่าสวัสดิการ,50322048,บ-เงินชดเชย เงินทดแทน-ผู้บริหาร,,
C02,ค่าสวัสดิการ,50322049,บ-ค่าเครื่องแบบ-ผู้บริหาร,,
C02,ค่าสวัสดิการ,50322050,บ-ค่าส่งเสริมกีฬาและสันทนาการ-ผู้บริหาร,,
C02,ค่าสวัสดิการ,50322051,บ-ค่าสวัสดิการบ้านพัก-ผู้บริหาร,,
C02,ค่าสวัสดิการ,50322052,บ-เงินสมทบค่ายานพาหนะ-ผู้บริหาร,,
C02,ค่าสวัสดิการ,50322053,บ-ผลประโยชน์หลังออกจากงานอื่น-ผู้บริหาร,,
C02,ค่าสวัสดิการ,50322055,บ-ค่าวันหยุดพักผ่อน-ผู้เกษียณ-ผู้บริหาร,,
C02,ค่าสวัสดิการ,50322056,บ-ผลประโยชน์ระยะยาวอื่น-ผู้บริหาร,,
C02,ค่าสวัสดิการ,50322057,บ-ค่าสวัสดิการอื่น-ผู้บริหาร,,
C02,ค่าสวัสดิการ,50322058,บ-เงินจ่ายสมทบกองทุนบำเหน็จ-ผู้บริหาร-ต้นทุนดอกเบี้ย,,
C02,ค่าสวัสดิการ,50322059,บ-ค่าชดเชย เงินทดแทน เงินเพื่อตอบแทนความชอบในการทำงาน-ผู้บริหาร-ต้นทุนดอกเบี้ย,,
C02,ค่าสวัสดิการ,50322060,บ-ผลประโยชน์หลังออกจากงานอื่น-ผู้บริหาร-ต้นทุนดอกเบี้ย,,
C02,ค่าสวัสดิการ,50322062,บ-ค่าวันหยุดพักผ่อน-ผู้เกษียณ-ผู้บริหาร-ต้นทุนดอกเบี้ย,,
C02,ค่าสวัสดิการ,50322063,บ-ผลประโยชน์ระยะยาวอื่น-ผู้บริหาร-ต้นทุนดอกเบี้ย,,
C02,ค่าสวัสดิการ,50322064,บ-ค่าสวัสดิการอื่น-ผู้บริหาร-ต้นทุนดอกเบี้ย,,
C02,ค่าสวัสดิการ,50322065,สวัสดิการผู้บริหารระดับสูง,,
C02,ค่าสวัสดิการ,50311075,ของที่ระลึกตอบแทนความชอบพนักงาน,,
C02,ค่าสวัสดิการ,50311077,ค่าตอบแทนการทำงาน (ทอง) - Current service cost ตามหลักการ Actuarial,,
C02,ค่าสวัสดิการ,50311078,ค่าตอบแทนการทำงาน (ทอง) - Interest cost ตามหลักการ Actuarial,,
C02,ค่าสวัสดิการ,50311079,ค่าใช้จ่าย Curtailment (gain/loss) - ค่าตอบแทนการทำงาน (ทอง),,
C03,ค่าใช้จ่ายพัฒนาและฝึกอบรมบุคลากร,50113301,ต-ค่าใช้จ่ายพัฒนาและฝึกอบรมบุคลากร-ในประเทศ,,
C03,ค่าใช้จ่ายพัฒนาและฝึกอบรมบุคลากร,50113302,ต-ค่าใช้จ่ายพัฒนาและฝึกอบรมบุคลากร-ต่างประเทศ,,
C03,ค่าใช้จ่ายพัฒนาและฝึกอบรมบุคลากร,50113303,ต-ค่าใช้จ่ายพัฒนาและฝึกอบรมตามหลักเกณฑ์กฎหมายภาษี-ภายนอกองค์กร,,
C03,ค่าใช้จ่ายพัฒนาและฝึกอบรมบุคลากร,50113304,ต-ค่าใช้จ่ายพัฒนาและฝึกอบรมตามหลักเกณฑ์กฎหมายภาษี-ภายในองค์กร,,
C03,ค่าใช้จ่ายพัฒนาและฝึกอบรมบุคลากร,50113305,ต-ค่าใช้จ่ายนักเรียนทุน-ในประเทศ (สถาบันการศึกษาเรียกเก็บ),,
C03,ค่าใช้จ่ายพัฒนาและฝึกอบรมบุคลากร,50113306,ต-ค่าใช้จ่ายนักเรียนทุน-ต่างประเทศ,,
C03,ค่าใช้จ่ายพัฒนาและฝึกอบรมบุคลากร,50113307,ต-ค่าใช้จ่ายนักเรียนทุน-ในประเทศ(อื่นๆ),,
C03,ค่าใช้จ่ายพัฒนาและฝึกอบรมบุคลากร,50113308,ต-ค่าใช้จ่ายพัฒนาและฝึกอบรมบุคลากร-ในประเทศ-เดินทาง,,
C03,ค่าใช้จ่ายพัฒนาและฝึกอบรมบุคลากร,50113309,ค่าธรรมเนียมการฝึกอบรม สัมมนา-ต้นทุน,,
C03,ค่าใช้จ่ายพัฒนาและฝึกอบรมบุคลากร,50111510,ต-ค่าใช้จ่ายพัฒนาและฝึกอบรมบุคลากร-นปท.-ดาวเทียม,,
C03,ค่าใช้จ่ายพัฒนาและฝึกอบรมบุคลากร,50111511,ต-ค่าใช้จ่ายพัฒนาและฝึกอบรมบุคลากร-ตปท.-ดาวเทียม,,
C03,ค่าใช้จ่ายพัฒนาและฝึกอบรมบุคลากร,50211301,ข-ค่าใช้จ่ายพัฒนาและฝึกอบรมบุคลากร-ในประเทศ,,
C03,ค่าใช้จ่ายพัฒนาและฝึกอบรมบุคลากร,50211302,ข-ค่าใช้จ่ายพัฒนาและฝึกอบรมบุคลากร-ต่างประเทศ,,
C03,ค่าใช้จ่ายพัฒนาและฝึกอบรมบุคลากร,50211303,ข-ค่าใช้จ่ายพัฒนาและฝึกอบรมตามหลักเกณฑ์กฎหมายภาษี-ภายนอกองค์กร,,
C03,ค่าใช้จ่ายพัฒนาและฝึกอบรมบุคลากร,50211304,ข-ค่าใช้จ่ายพัฒนาและฝึกอบรมตามหลักเกณฑ์กฎหมายภาษี-ภายในองค์กร,,
C03,ค่าใช้จ่ายพัฒนาและฝึกอบรมบุคลากร,50211305,ข-ค่าใช้จ่ายนักเรียนทุน-ในประเทศ (สถาบันการศึกษาเรียกเก็บ),,
C03,ค่าใช้จ่ายพัฒนาและฝึกอบรมบุคลากร,50211306,ข-ค่าใช้จ่ายนักเรียนทุน-ต่างประเทศ,,
C03,ค่าใช้จ่ายพัฒนาและฝึกอบรมบุคลากร,50211307,ข-ค่าใช้จ่ายนักเรียนทุน-ในประเทศ(อื่นๆ),,
C03,ค่าใช้จ่ายพัฒนาและฝึกอบรมบุคลากร,50211308,ข-ค่าใช้จ่ายพัฒนาและฝึกอบรมบุคลากร-ในประเทศ-เดินทาง,,
C03,ค่าใช้จ่ายพัฒนาและฝึกอบรมบุคลากร,50219110,ข-ค่าใช้จ่ายพัฒนาและฝึกอบรมบุคลากร-นปท.-ดาวเทียม,,
C03,ค่าใช้จ่ายพัฒนาและฝึกอบรมบุคลากร,50219111,ข-ค่าใช้จ่ายพัฒนาและฝึกอบรมบุคลากร-ตปท.-ดาวเทียม,,
C03,ค่าใช้จ่ายพัฒนาและฝึกอบรมบุคลากร,50211309,ค่าธรรมเนียมการฝึกอบรม สัมมนา-ขาย,,
C03,ค่าใช้จ่ายพัฒนาและฝึกอบรมบุคลากร,50311301,บ-ค่าใช้จ่ายพัฒนาและฝึกอบรมบุคลากร-ในประเทศ,,
C03,ค่าใช้จ่ายพัฒนาและฝึกอบรมบุคลากร,50311302,บ-ค่าใช้จ่ายพัฒนาและฝึกอบรมบุคลากร-ต่างประเทศ,,
C03,ค่าใช้จ่ายพัฒนาและฝึกอบรมบุคลากร,50311303,บ-ค่าใช้จ่ายพัฒนาและฝึกอบรมตามหลักเกณฑ์กฎหมายภาษี-ภายนอกองค์กร,,
C03,ค่าใช้จ่ายพัฒนาและฝึกอบรมบุคลากร,50311304,บ-ค่าใช้จ่ายพัฒนาและฝึกอบรมตามหลักเกณฑ์กฎหมายภาษี-ภายในองค์กร,,
C03,ค่าใช้จ่ายพัฒนาและฝึกอบรมบุคลากร,50311305,บ-ค่าใช้จ่ายนักเรียนทุน-ในประเทศ (สถาบันการศึกษาเรียกเก็บ),,
C03,ค่าใช้จ่ายพัฒนาและฝึกอบรมบุคลากร,50311306,บ-ค่าใช้จ่ายนักเรียนทุน-ต่างประเทศ,,
C03,ค่าใช้จ่ายพัฒนาและฝึกอบรมบุคลากร,50311307,บ-ค่าใช้จ่ายนักเรียนทุน-ในประเทศ(อื่นๆ),,
C03,ค่าใช้จ่ายพัฒนาและฝึกอบรมบุคลากร,50311308,บ-ค่าใช้จ่ายพัฒนาและฝึกอบรมบุคลากร-ในประเทศ-เดินทาง,,
C03,ค่าใช้จ่ายพัฒนาและฝึกอบรมบุคลากร,50311309,บ-ค่าใช้จ่ายในการสรรหาบุคลากร,,
C03,ค่าใช้จ่ายพัฒนาและฝึกอบรมบุคลากร,50331010,บ-ค่าใช้จ่ายพัฒนาและฝึกอบรมบุคลากร-นปท.-ดาวเทียม,,
C03,ค่าใช้จ่ายพัฒนาและฝึกอบรมบุคลากร,50331011,บ-ค่าใช้จ่ายพัฒนาและฝึกอบรมบุคลากร-ตปท.-ดาวเทียม,,
C03,ค่าใช้จ่ายพัฒนาและฝึกอบรมบุคลากร,50311310,ค่าธรรมเนียมการฝึกอบรม สัมมนา - ราชการ,,
C03,ค่าใช้จ่ายพัฒนาและฝึกอบรมบุคลากร,50311311,ค่าธรรมเนียมการฝึกอบรม สัมมนา - อื่น ๆ,,
C03,ค่าใช้จ่ายพัฒนาและฝึกอบรมบุคลากร,50311312,ค่าวัสดุอุปกรณ์ที่ใช้ในการฝึกอบรม,,
C03,ค่าใช้จ่ายพัฒนาและฝึกอบรมบุคลากร,50311313,ค่าฝึกอบรมตามสัญญา ,,
C04,ค่าซ่อมแซมและบำรุงรักษาและวัสดุใช้ไป,50115101,ต-วัสดุโทรคมนาคมเพื่อการบริการใช้ไป,,
C04,ค่าซ่อมแซมและบำรุงรักษาและวัสดุใช้ไป,50115102,ต-ค่าซ่อมแซมและบำรุงรักษา-อาคารและสิ่งปลูกสร้าง,,
C04,ค่าซ่อมแซมและบำรุงรักษาและวัสดุใช้ไป,50115103,ต-ค่าซ่อมแซมและบำรุงรักษา-ศูนย์โทรคมนาคมและชุมสาย,,
C04,ค่าซ่อมแซมและบำรุงรักษาและวัสดุใช้ไป,50115104,ต-ค่าซ่อมแซมและบำรุงรักษา-เสาและสายเคเบิล,,
C04,ค่าซ่อมแซมและบำรุงรักษาและวัสดุใช้ไป,50115105,ต-ค่าซ่อมแซมและบำรุงรักษา-เครื่องมือและอุปกรณ์อื่น,,
C04,ค่าซ่อมแซมและบำรุงรักษาและวัสดุใช้ไป,50115106,ต-ค่าซ่อมแซมและบำรุงรักษา-เครื่องตกแต่ง และเครื่องใช้สำนักงาน,,
C04,ค่าซ่อมแซมและบำรุงรักษาและวัสดุใช้ไป,50115107,ต-ค่าซ่อมแซมและบำรุงรักษา-คอมพิวเตอร์,,
C04,ค่าซ่อมแซมและบำรุงรักษาและวัสดุใช้ไป,50115108,ต-ค่าซ่อมแซมและบำรุงรักษา-ยานพาหนะ,,
C04,ค่าซ่อมแซมและบำรุงรักษาและวัสดุใช้ไป,50115109,ต-ค่าซ่อมแซมและบำรุงรักษา-อุปกรณ์สนับสนุน-กิจการ,,
C04,ค่าซ่อมแซมและบำรุงรักษาและวัสดุใช้ไป,50115110,ต-ค่าซ่อมแซมและบำรุงรักษา-ส่วนปรับปรุงอาคารและสิ่งปลูกสร้าง,,
C04,ค่าซ่อมแซมและบำรุงรักษาและวัสดุใช้ไป,50115111,ต-ค่าซ่อมแซมและบำรุงรักษา-อุปกรณ์รับ-ส่งข้อมูล,,
C04,ค่าซ่อมแซมและบำรุงรักษาและวัสดุใช้ไป,50115112,ต-ค่าซ่อมแซมและบำรุงรักษา-ระบบเครื่องปรับอากาศ,,
C04,ค่าซ่อมแซมและบำรุงรักษาและวัสดุใช้ไป,50115137,ต-ค่าซ่อมแซม&บำรุงรักษา-ส/ท สิทธิฯส.เช่า-ดาวเทียม,,
C04,ค่าซ่อมแซมและบำรุงรักษาและวัสดุใช้ไป,50115138,ค่าจ้างเหมาซ่อมแซมและบำรุงรักษา - ต้นทุน,,
C04,ค่าซ่อมแซมและบำรุงรักษาและวัสดุใช้ไป,50115139,ต-ต้นทุนดูแลบำรุงรักษา DATACOM-24x7,,เพิ่มเมื่อ 05/04/2024
C04,ค่าซ่อมแซมและบำรุงรักษาและวัสดุใช้ไป,50115113,ต-ต้นทุนดูแลบำรุงรักษา LAST MILE และ SECOND MILE,,
C04,ค่าซ่อมแซมและบำรุงรักษาและวัสดุใช้ไป,50115114,ต-ค่าซ่อมแซมและบำรุงรักษา-สินทรัพย์ประเภทสิทธิการใช้ (IRU),,
C04,ค่าซ่อมแซมและบำรุงรักษาและวัสดุใช้ไป,50115115,ต-ค่าซ่อมแซมและบำรุงรักษาอื่น,,
C04,ค่าซ่อมแซมและบำรุงรักษาและวัสดุใช้ไป,50115116,ต-วัสดุทั่วไปใช้ไป,,
C04,ค่าซ่อมแซมและบำรุงรักษาและวัสดุใช้ไป,50115117,ต-วัสดุโทรคมนาคมใช้ไป,,
C04,ค่าซ่อมแซมและบำรุงรักษาและวัสดุใช้ไป,50115118,ค่าอุปกรณ์ตอนนอก,,
C04,ค่าซ่อมแซมและบำรุงรักษาและวัสดุใช้ไป,50115119,ค่าสายและเคเบิล ,,
C04,ค่าซ่อมแซมและบำรุงรักษาและวัสดุใช้ไป,50115121,ค่าอุปกรณ์และอะไหล่เครื่องปลายทาง ,,
C04,ค่าซ่อมแซมและบำรุงรักษาและวัสดุใช้ไป,50115122,ค่าอุปกรณ์และอะไหล่เครื่องชุมสาย,,
C04,ค่าซ่อมแซมและบำรุงรักษาและวัสดุใช้ไป,50115123,ค่าอุปกรณ์และอะไหล่โทรคมนาคม,,
C04,ค่าซ่อมแซมและบำรุงรักษาและวัสดุใช้ไป,50115124,ค่าอุปกรณ์และอะไหล่เครื่องการกำลัง,,
C04,ค่าซ่อมแซมและบำรุงรักษาและวัสดุใช้ไป,50115125,ค่าพัสดุเบ็ดเตล็ด,,
C04,ค่าซ่อมแซมและบำรุงรักษาและวัสดุใช้ไป,50115126,ค่าเครื่องมือทั่วไป,,
C04,ค่าซ่อมแซมและบำรุงรักษาและวัสดุใช้ไป,50115127,ค่าวัสดุเบ็ดเตล็ด,,
C04,ค่าซ่อมแซมและบำรุงรักษาและวัสดุใช้ไป,50115128,ค่าใช้จ่ายที่เกิดจากการทดสอบพัสดุ,,
C04,ค่าซ่อมแซมและบำรุงรักษาและวัสดุใช้ไป,50115129,ค่าบริการบำรุงรักษา - เสาโทรคมนาคมโทรศัพท์เคลื่อนที่,,
C04,ค่าซ่อมแซมและบำรุงรักษาและวัสดุใช้ไป,50115130,ค่าซ่อมบำรุงอุปกรณ์เคเบิลใยแก้วนำแสงตามเส้นทางรถไฟ,,
C04,ค่าซ่อมแซมและบำรุงรักษาและวัสดุใช้ไป,50115131,ต-ต้นทุนดูแลบำรุงรักษา DATACOM,,
C04,ค่าซ่อมแซมและบำรุงรักษาและวัสดุใช้ไป,50115132,ต-วัสดุแบบพิมพ์ใช้ไป,,
C04,ค่าซ่อมแซมและบำรุงรักษาและวัสดุใช้ไป,50115133,ต-วัสดุโทรคมนาคมใช้ไป - LAST MILE,,
C04,ค่าซ่อมแซมและบำรุงรักษาและวัสดุใช้ไป,50115134,ต-วัสดุโทรคมนาคมใช้ไป - SECOND MILE,,
C04,ค่าซ่อมแซมและบำรุงรักษาและวัสดุใช้ไป,50115135,ต-วัสดุโทรคมนาคมเพื่อการบริการ-จัดหาเอง,,
C04,ค่าซ่อมแซมและบำรุงรักษาและวัสดุใช้ไป,50115136,ต-วัสดุแบบพิมพ์-จัดหาเอง,,
C04,ค่าซ่อมแซมและบำรุงรักษาและวัสดุใช้ไป,50213101,ข-ค่าซ่อมแซมและบำรุงรักษา-อาคารและสิ่งปลูกสร้าง,,
C04,ค่าซ่อมแซมและบำรุงรักษาและวัสดุใช้ไป,50213102,ข-ค่าซ่อมแซมและบำรุงรักษา-เครื่องมือและอุปกรณ์อื่น,,
C04,ค่าซ่อมแซมและบำรุงรักษาและวัสดุใช้ไป,50213103,ข-ค่าซ่อมแซมและบำรุงรักษา-เครื่องตกแต่ง และเครื่องใช้สำนักงาน,,
C04,ค่าซ่อมแซมและบำรุงรักษาและวัสดุใช้ไป,50213104,ข-ค่าซ่อมแซมและบำรุงรักษา-คอมพิวเตอร์,,
C04,ค่าซ่อมแซมและบำรุงรักษาและวัสดุใช้ไป,50213105,ข-ค่าซ่อมแซมและบำรุงรักษา-ยานพาหนะ,,
C04,ค่าซ่อมแซมและบำรุงรักษาและวัสดุใช้ไป,50213106,ข-ค่าซ่อมแซมและบำรุงรักษา-ระบบเครื่องปรับอากาศ,,
C04,ค่าซ่อมแซมและบำรุงรักษาและวัสดุใช้ไป,50213107,ข-ค่าซ่อมแซมและบำรุงรักษาอื่น,,
C04,ค่าซ่อมแซมและบำรุงรักษาและวัสดุใช้ไป,50213108,ข-ซ่อมแซม&บำรุงรักษา-ส่วนปรับปรุงอาคาร&สิ่งปลูกส,,
C04,ค่าซ่อมแซมและบำรุงรักษาและวัสดุใช้ไป,50213109,ข-วัสดุทั่วไปใช้ไป,,
C04,ค่าซ่อมแซมและบำรุงรักษาและวัสดุใช้ไป,50213110,ข-วัสดุแบบพิมพ์ใช้ไป,,
C04,ค่าซ่อมแซมและบำรุงรักษาและวัสดุใช้ไป,50213111,ข-วัสดุแบบพิมพ์-จัดหาเอง,,
C04,ค่าซ่อมแซมและบำรุงรักษาและวัสดุใช้ไป,50213112,ค่าจ้างเหมาซ่อมแซมและบำรุงรักษา - งานขาย,,
C04,ค่าซ่อมแซมและบำรุงรักษาและวัสดุใช้ไป,50313101,บ-ค่าซ่อมแซมและบำรุงรักษา-ส่วนปรับปรุงที่ดิน,,
C04,ค่าซ่อมแซมและบำรุงรักษาและวัสดุใช้ไป,50313102,บ-ค่าซ่อมแซมและบำรุงรักษา-อาคารและสิ่งปลูกสร้าง,,
C04,ค่าซ่อมแซมและบำรุงรักษาและวัสดุใช้ไป,50313103,บ-ค่าซ่อมแซมและบำรุงรักษา-เครื่องมือและอุปกรณ์อื่น,,
C04,ค่าซ่อมแซมและบำรุงรักษาและวัสดุใช้ไป,50313104,บ-ค่าซ่อมแซมและบำรุงรักษา-เครื่องตกแต่ง และเครื่องใช้สำนักงาน,,
C04,ค่าซ่อมแซมและบำรุงรักษาและวัสดุใช้ไป,50313105,บ-ค่าซ่อมแซมและบำรุงรักษา-คอมพิวเตอร์,,
C04,ค่าซ่อมแซมและบำรุงรักษาและวัสดุใช้ไป,50313106,บ-ค่าซ่อมแซมและบำรุงรักษา-ยานพาหนะ,,
C04,ค่าซ่อมแซมและบำรุงรักษาและวัสดุใช้ไป,50313107,บ-ค่าซ่อมแซมและบำรุงรักษา-ส่วนปรับปรุงอาคารและสิ่งปลูกสร้าง,,
C04,ค่าซ่อมแซมและบำรุงรักษาและวัสดุใช้ไป,50313108,บ-ค่าซ่อมแซมและบำรุงรักษา-ระบบเครื่องปรับอากาศ,,
C04,ค่าซ่อมแซมและบำรุงรักษาและวัสดุใช้ไป,50313109,บ-ค่าซ่อมแซมและบำรุงรักษาอื่น,,
C04,ค่าซ่อมแซมและบำรุงรักษาและวัสดุใช้ไป,50313110,วัสดุโรงพิมพ์/วัสดุที่ใช้ในการผลิตและซ่อม,,
C04,ค่าซ่อมแซมและบำรุงรักษาและวัสดุใช้ไป,50313111,บ-วัสดุทั่วไปใช้ไป,,
C04,ค่าซ่อมแซมและบำรุงรักษาและวัสดุใช้ไป,50313112,บ-วัสดุแบบพิมพ์ใช้ไป,,
C04,ค่าซ่อมแซมและบำรุงรักษาและวัสดุใช้ไป,50313113,บ-วัสดุแบบพิมพ์-จัดหาเอง,,
C04,ค่าซ่อมแซมและบำรุงรักษาและวัสดุใช้ไป,50313114,ค่าจ้างเหมาซ่อมแซมและบำรุงรักษา - งานบริหาร,,
C05,ค่าสาธารณูปโภค,50117101,ต-ค่าน้ำประปา,,
C05,ค่าสาธารณูปโภค,50117102,ค่าไฟฟ้า,,
C05,ค่าสาธารณูปโภค,50117103,ต-ค่าโทรศัพท์และโทรสาร,,
C05,ค่าสาธารณูปโภค,50117104,ต-ค่าสาธารณูปโภคอื่น,,
C05,ค่าสาธารณูปโภค,50215101,ข-ค่าน้ำประปา,,
C05,ค่าสาธารณูปโภค,50215102,ข-ค่าไฟฟ้า,,
C05,ค่าสาธารณูปโภค,50215103,ข-ค่าโทรศัพท์และโทรสาร,,
C05,ค่าสาธารณูปโภค,50215104,ข-ค่าสาธารณูปโภคอื่น,,
C05,ค่าสาธารณูปโภค,50315101,ค่าน้ำประปา,,
C05,ค่าสาธารณูปโภค,50315102,ค่าไฟฟ้า,,
C05,ค่าสาธารณูปโภค,50315103,ค่าโทรศัพท์และค่าใช้บริการโทรศัพท์อื่น ๆ,,
C05,ค่าสาธารณูปโภค,50315104,บ-ค่าสาธารณูปโภคอื่น,,
C06,ค่าใช้จ่ายการตลาดและส่งเสริมการขาย,50216101,ค่าประชาสัมพันธ์อื่น ๆ,,
C06,ค่าใช้จ่ายการตลาดและส่งเสริมการขาย,50216102,ข-ค่าตอบแทนทำการตลาด,,
C06,ค่าใช้จ่ายการตลาดและส่งเสริมการขาย,50216103,ข-ค่าใช้จ่ายในการทำกิจกรรมการตลาด,,
C06,ค่าใช้จ่ายการตลาดและส่งเสริมการขาย,50216104,ข-ค่านายหน้าในการขาย,,
C06,ค่าใช้จ่ายการตลาดและส่งเสริมการขาย,50216105,ข-ค่าใช้จ่ายในการขายและจัดจำหน่าย,,
C06,ค่าใช้จ่ายการตลาดและส่งเสริมการขาย,50216106,ข-ค่าใช้จ่ายเกี่ยวกับช่องทางการจัดจำหน่าย,,
C06,ค่าใช้จ่ายการตลาดและส่งเสริมการขาย,50216107,ค่าโฆษณา,,
C06,ค่าใช้จ่ายการตลาดและส่งเสริมการขาย,50216108,ข-ค่าใช้จ่ายในการจัดกิจกรรมเพื่อรักษาฐานลูกค้า,,
C06,ค่าใช้จ่ายการตลาดและส่งเสริมการขาย,50216109,ข-ค่าของขวัญตามธรรมเนียมประเพณีให้ลูกค้า,,
C06,ค่าใช้จ่ายการตลาดและส่งเสริมการขาย,50216110,ค่าขนส่ง - ขาย,,
C06,ค่าใช้จ่ายการตลาดและส่งเสริมการขาย,50216111,ข-ค่าสิทธิในการให้บริการ/ขายสินค้า,,
C06,ค่าใช้จ่ายการตลาดและส่งเสริมการขาย,50216112,ข-ขาดทุนจากการปรับมูลค่าสินค้าเพื่อส่งเสริมการขาย,,
C06,ค่าใช้จ่ายการตลาดและส่งเสริมการขาย,50216113,ข-ค่ารับรองลูกค้า,,
C06,ค่าใช้จ่ายการตลาดและส่งเสริมการขาย,50216114,ค่านายหน้า ,,
C06,ค่าใช้จ่ายการตลาดและส่งเสริมการขาย,50216115,ค่าส่งเสริมการขาย,,
C06,ค่าใช้จ่ายการตลาดและส่งเสริมการขาย,50216116,ค่าใช้จ่ายในการขาย,,
C06,ค่าใช้จ่ายการตลาดและส่งเสริมการขาย,50399004,บ-ค่ารับประกันคุณภาพการให้บริการ,,
C06,ค่าใช้จ่ายการตลาดและส่งเสริมการขาย,50399005,บ-ค่ารับประกันคุณภาพสินค้า,,
C06,ค่าใช้จ่ายการตลาดและส่งเสริมการขาย,50216117,ค่าจ้างเหมา-งานการตลาดและส่งเสริมการขาย,,
C06,ค่าใช้จ่ายการตลาดและส่งเสริมการขาย,50111506,ต-ค่าใช้จ่ายในการขายและการตลาด-ดาวเทียม,,
C06,ค่าใช้จ่ายการตลาดและส่งเสริมการขาย,50219106,ข-ค่าใช้จ่ายในการขายและการตลาด-ดาวเทียม,,
C06,ค่าใช้จ่ายการตลาดและส่งเสริมการขาย,50331006,บ-ค่าใช้จ่ายในการขายและการตลาด-ดาวเทียม,,
C07,ค่าใช้จ่ายเผยแพร่ประชาสัมพันธ์,50399001,บ-ค่าใช้จ่ายเผยแพร่ข่าวสารและประชาสัมพันธ์,,
C07,ค่าใช้จ่ายเผยแพร่ประชาสัมพันธ์,50399002,บ-ค่าใช้จ่ายเผยแพร่ภาพลักษณ์-CSR,,
C07,ค่าใช้จ่ายเผยแพร่ประชาสัมพันธ์,50399003,บ-ค่าโฆษณา,,
C07,ค่าใช้จ่ายเผยแพร่ประชาสัมพันธ์,50399053,ค่าใช้จ่ายในการเผยแพร่ข่าวสาร,,
C08,ค่าใช้จ่ายเกี่ยวกับการกำกับดูแลของ กสทช.,50111401,ต-ค่าใบอนุญาต-บริการโทรคมนาคม แบบ 1,,
C08,ค่าใช้จ่ายเกี่ยวกับการกำกับดูแลของ กสทช.,50111402,ต-ค่าใบอนุญาต-บริการโทรคมนาคม แบบ 3,,
C08,ค่าใช้จ่ายเกี่ยวกับการกำกับดูแลของ กสทช.,50111403,ต-ค่าใบอนุญาต-บริการโทรคมนาคม แบบ 2,,
C08,ค่าใช้จ่ายเกี่ยวกับการกำกับดูแลของ กสทช.,50111404,ต-ค่าใช้จ่ายในการขอใบอนุญาต,,
C08,ค่าใช้จ่ายเกี่ยวกับการกำกับดูแลของ กสทช.,50111405,ต-เงินอุดหนุนกองทุนพัฒนากิจการโทรคมนาคม,,
C08,ค่าใช้จ่ายเกี่ยวกับการกำกับดูแลของ กสทช.,50111406,ต-ค่าใบอนุญาต-บริการโครงข่ายกระจายเสียงหรือโทรทัศน์,,
C08,ค่าใช้จ่ายเกี่ยวกับการกำกับดูแลของ กสทช.,50111407,ต-ค่าใบอนุญาต-บริการกระจายเสียงและโทรทัศน์ (CAT CHANNEL),,
C08,ค่าใช้จ่ายเกี่ยวกับการกำกับดูแลของ กสทช.,50111408,ต-กองทุนวิจัยและพัฒนากิจการกระจายเสียง-บริการโครงข่ายกระจายเสียงหรือโทรทัศน์,,
C08,ค่าใช้จ่ายเกี่ยวกับการกำกับดูแลของ กสทช.,50111409,ต-กองทุนวิจัยและพัฒนากิจการกระจายเสียงและโทรทัศน์ (CAT CHANNEL),,
C08,ค่าใช้จ่ายเกี่ยวกับการกำกับดูแลของ กสทช.,50111410,ค่าธรรมเนียมเลขหมายโทรคมนาคม,,
C08,ค่าใช้จ่ายเกี่ยวกับการกำกับดูแลของ กสทช.,50111411,ค่าธรรมเนียมใบอนุญาตประกอบกิจการโทรคมนาคม,,
C08,ค่าใช้จ่ายเกี่ยวกับการกำกับดูแลของ กสทช.,50111412,ค่าธรรมเนียมใบอนุญาตการให้บริการอินเทอร์เน็ต,,
C08,ค่าใช้จ่ายเกี่ยวกับการกำกับดูแลของ กสทช.,50111413,ค่าตอบแทนจากการอนุญาตให้เป็นผู้บริการโทรศัพท์และสื่อสารโทรคมนาคม,,
C08,ค่าใช้จ่ายเกี่ยวกับการกำกับดูแลของ กสทช.,50111414,ค่าบริการ USO ระยะที่ 2 - จ่ายโรงเรียนตามประกาศ กทช.,,
C08,ค่าใช้จ่ายเกี่ยวกับการกำกับดูแลของ กสทช.,50111415,ค่าธรรมเนียม USO ระยะที่ 3  ,,
C08,ค่าใช้จ่ายเกี่ยวกับการกำกับดูแลของ กสทช.,50111416,ค่าธรรมเนียมใบอนุญาต - บริการโครงข่ายกระจายเสียง/บริการกระจายเสียง หรือโทรทัศน์,,
C08,ค่าใช้จ่ายเกี่ยวกับการกำกับดูแลของ กสทช.,50111417,ค่าใช้จ่ายตามมาตรา 84,,
C08,ค่าใช้จ่ายเกี่ยวกับการกำกับดูแลของ กสทช.,50111418,ต-ค่าเลขหมายทั่วไป,,
C08,ค่าใช้จ่ายเกี่ยวกับการกำกับดูแลของ กสทช.,50111419,ต-ค่าเลขหมายพิเศษ 3 หลัก,,
C08,ค่าใช้จ่ายเกี่ยวกับการกำกับดูแลของ กสทช.,50111420,ต-เงินอุดหนุนเกี่ยวกับการกำกับดูแล NSW,,
C08,ค่าใช้จ่ายเกี่ยวกับการกำกับดูแลของ กสทช.,50111421,ต-ค่าเลขหมายพิเศษ 4 หลัก,,
C08,ค่าใช้จ่ายเกี่ยวกับการกำกับดูแลของ กสทช.,50111422,ต-ค่าเลขหมายพิเศษ 5 หลัก,,
C08,ค่าใช้จ่ายเกี่ยวกับการกำกับดูแลของ กสทช.,50111423,ต-ค่าคลื่นความถี่วิทยุ,,
C08,ค่าใช้จ่ายเกี่ยวกับการกำกับดูแลของ กสทช.,50111424,ต-ค่าใบอนุญาตให้ใช้สิทธิในการเข้าใช้วงโคจรดาวเทียม,,
C08,ค่าใช้จ่ายเกี่ยวกับการกำกับดูแลของ กสทช.,50111425,ต-ค่าใบอนุญาตตั้งใช้สถานีควบคุมดาวเทียมภาคพื้นดิน,,
C08,ค่าใช้จ่ายเกี่ยวกับการกำกับดูแลของ กสทช.,50111426,ต-ค่าคลื่นความถี่-ควบคุมสถานีดาวเทียมภาคพื้นดิน,,
C08,ค่าใช้จ่ายเกี่ยวกับการกำกับดูแลของ กสทช.,50111427,ต-ค่าใช้จ่ายในการขอเลขหมาย,,
C08,ค่าใช้จ่ายเกี่ยวกับการกำกับดูแลของ กสทช.,50111428,ต-ค่าใบอนุญาตให้ใช้ช่องสัญญาณดาวเทียมต่างชาติ,,
C08,ค่าใช้จ่ายเกี่ยวกับการกำกับดูแลของ กสทช.,50111429,ต-ค่าธรรมเนียมการโอนคลื่นความถี่,,เพิมเมื่อ 6-11-2023
C08,ค่าใช้จ่ายเกี่ยวกับการกำกับดูแลของ กสทช.,50218901,ข-ค่าเลขหมายพิเศษ 4 หลัก,,
C08,ค่าใช้จ่ายเกี่ยวกับการกำกับดูแลของ กสทช.,50111504,ต-ค่า USO ของธุรกิจดาวเทียม,,
C08,ค่าใช้จ่ายเกี่ยวกับการกำกับดูแลของ กสทช.,50219104,ข-ค่า USO ของธุรกิจดาวเทียม,,
C08,ค่าใช้จ่ายเกี่ยวกับการกำกับดูแลของ กสทช.,50331004,บ-ค่า USO ของธุรกิจดาวเทียม,,
C08,ค่าใช้จ่ายเกี่ยวกับการกำกับดูแลของ กสทช.,50111430,ต-ค่าใบอนุญาตคลื่นความถี่วิทยุเฉพาะกิจ Trunked,,
C09,ค่าส่วนแบ่งบริการโทรคมนาคม,50111101,ต-ค่าส่วนแบ่งโทรศัพท์ รปท.,,
C09,ค่าส่วนแบ่งบริการโทรคมนาคม,50111102,ต-ค่า VC-ค่าส่วนแบ่งบริการโทรคมนาคม รปท.,,
C09,ค่าส่วนแบ่งบริการโทรคมนาคม,50111103,ต-ค่าส่วนแบ่งบริการโทรคมนาคมอื่น,,
C09,ค่าส่วนแบ่งบริการโทรคมนาคม,50111104,ต-ส่วนลดรับ-ค่าส่วนแบ่งโทรคมนาคม,,
C10,ค่าใช้จ่ายบริการโทรคมนาคม,50111201,ต-ค่าเชื่อมต่อโครงข่ายโทรคมนาคม CALL ORIGINATION ,,
C10,ค่าใช้จ่ายบริการโทรคมนาคม,50111202,ต-ค่าเชื่อมต่อโครงข่ายโทรคมนาคม CALL TERMINATION ,,
C10,ค่าใช้จ่ายบริการโทรคมนาคม,50111203,ต-ค่าเชื่อมต่อโครงข่ายโทรคมนาคม CALL TRANSIT,,
C10,ค่าใช้จ่ายบริการโทรคมนาคม,50111204,ต-ค่าเชื่อมต่อโครงข่ายโทรคมนาคม SMS,,
C10,ค่าใช้จ่ายบริการโทรคมนาคม,50111205,ต-ค่าเชื่อมต่อโครงข่ายโทรคมนาคม MMS,,
C10,ค่าใช้จ่ายบริการโทรคมนาคม,50111206,ต-ค่าเชื่อมต่อโครงข่ายโทรคมนาคม CALL TERMINATION - HSPA,,
C10,ค่าใช้จ่ายบริการโทรคมนาคม,50111207,ต-ค่าเชื่อมต่อโครงข่ายโทรคมนาคม CALL TRANSIT - HSPA,,
C10,ค่าใช้จ่ายบริการโทรคมนาคม,50111208,ต-ค่าเชื่อมต่อโครงข่ายโทรคมนาคม SMS - HSPA,,
C10,ค่าใช้จ่ายบริการโทรคมนาคม,50111209,ต-ค่าเชื่อมต่อโครงข่ายโทรคมนาคม MMS - HSPA,,
C10,ค่าใช้จ่ายบริการโทรคมนาคม,50111210,ค่าใช้โครงข่าย Gateway,,
C10,ค่าใช้จ่ายบริการโทรคมนาคม,50111211,ต-ค่าใช้บริการ DOMESTIC-ROAMING-ตัดจากบัญชีลูกหนี้,,
C10,ค่าใช้จ่ายบริการโทรคมนาคม,50111212,ต-ค่าใช้บริการ DOMESTIC-ROAMING,,
C10,ค่าใช้จ่ายบริการโทรคมนาคม,50111213,ค่าใช้โครงข่าย Gateway อื่น ๆ ระหว่างประเทศ - 007,,
C10,ค่าใช้จ่ายบริการโทรคมนาคม,50111217,ค่าใช้โครงข่าย Gateway อื่น ๆ ระหว่างประเทศ - 008,,
C10,ค่าใช้จ่ายบริการโทรคมนาคม,50111220,ค่าเชื่อมต่อโครงข่ายในประเทศ - Call termination,,
C10,ค่าใช้จ่ายบริการโทรคมนาคม,50111221,ค่าเชื่อมต่อโครงข่ายในประเทศ (IC) - บริษัท แอดวานซ์ ไวร์เลส เน็ทเวอร์ค จำกัด (AWN),,
C10,ค่าใช้จ่ายบริการโทรคมนาคม,50111222,ค่าเชื่อมต่อโครงข่ายในประเทศ (IC) - บริษัท ดีแทค ไตรเน็ต จำกัด (DTN),,
C10,ค่าใช้จ่ายบริการโทรคมนาคม,50111223,ค่าเชื่อมต่อโครงข่ายในประเทศ (IC) - บริษัท ทรู อินเทอร์เน็ต คอร์ปอเรชั่น จำกัด (TICC),,
C10,ค่าใช้จ่ายบริการโทรคมนาคม,50111224,ค่าเชื่อมต่อโครงข่ายในประเทศ (IC) - บริษัท ทรู มูฟ เอช ยูนิเวอร์แซล คอมมิวนิเคชั่น จำกัด (TUC),,
C10,ค่าใช้จ่ายบริการโทรคมนาคม,50111225,ค่าเชื่อมต่อโครงข่ายโทรคมนาคม (IC),,
C10,ค่าใช้จ่ายบริการโทรคมนาคม,50111301,ต-ค่าบริการ บำรุงรักษา ดูแลจัดการเครื่องและอุปกรณ์,,
C10,ค่าใช้จ่ายบริการโทรคมนาคม,50111302,ต-ค่าทำบัตรบริการโทรคมนาคม,,
C10,ค่าใช้จ่ายบริการโทรคมนาคม,50111303,ต-ค่าใช้ช่องสัญญาณดาวเทียม,,
C10,ค่าใช้จ่ายบริการโทรคมนาคม,50111304,ต-ค่าใช้ช่องสัญญาณดาวเทียม-OSS,,
C10,ค่าใช้จ่ายบริการโทรคมนาคม,50111305,ต-ค่า TRANSIT และค่าเชื่อมต่อวงจรสื่อสัญญาณ,,
C10,ค่าใช้จ่ายบริการโทรคมนาคม,50111306,ต-ค่าใช้วงจรสำรอง,,
C10,ค่าใช้จ่ายบริการโทรคมนาคม,50111307,ต-ค่าสิทธิในการใช้วงจรสื่อสัญญาณ-ตัดจ่าย,,
C10,ค่าใช้จ่ายบริการโทรคมนาคม,50111308,ต-ค่าเช่าวงจรเทเล็กซ์,,
C10,ค่าใช้จ่ายบริการโทรคมนาคม,50111309,ต-ค่าใช้วงจรความเร็วสูง,,
C10,ค่าใช้จ่ายบริการโทรคมนาคม,50111310,ต-ค่าใช้โครงข่ายสัญญาณวิทยุโทรคมนาคม,,
C10,ค่าใช้จ่ายบริการโทรคมนาคม,50111311,ต-ค่าเชื่อมต่อ-VIRTUAL,,
C10,ค่าใช้จ่ายบริการโทรคมนาคม,50111312,ต-ค่าเชื่อมต่อ-VIRTUAL- ผ่านมือ,,
C10,ค่าใช้จ่ายบริการโทรคมนาคม,50111313,ต-ค่าใช้โครงข่ายเคเบิลทีวี,,
C10,ค่าใช้จ่ายบริการโทรคมนาคม,50111314,ต-ค่าใช้คู่สายภายในอาคาร,,
C10,ค่าใช้จ่ายบริการโทรคมนาคม,50111315,ต-ค่าใช้บริการโครงข่ายเพื่อให้บริการ USO,,
C10,ค่าใช้จ่ายบริการโทรคมนาคม,50111316,ต-ค่าเช่าวงจรอินเตอร์เน็ต,,
C10,ค่าใช้จ่ายบริการโทรคมนาคม,50111317,ต-ส่วนลดรับ-ค่าใช้โครงข่ายโทรคมนาคม,,
C10,ค่าใช้จ่ายบริการโทรคมนาคม,50111318,ต-ค่าใช้จ่ายเพื่อการให้บริการข้ามเครือข่าย,,
C10,ค่าใช้จ่ายบริการโทรคมนาคม,50111319,ต-ค่าใช้จ่ายบริการข้ามเครือข่าย (OSS),,
C10,ค่าใช้จ่ายบริการโทรคมนาคม,50111320,ต-ค่าพาดสายเคเบิล,,
C10,ค่าใช้จ่ายบริการโทรคมนาคม,50111321,ต-ค่าพาดสายเคเบิล-ผ่านมือ,,
C10,ค่าใช้จ่ายบริการโทรคมนาคม,50111322,ต-ค่าจัดระเบียบสายเคเบิล,,
C10,ค่าใช้จ่ายบริการโทรคมนาคม,50111323,ต-ค่าใช้จ่ายระบบท่อร้อยสาย,,
C10,ค่าใช้จ่ายบริการโทรคมนาคม,50111324,ต-ค่าใช้บริการเนื้อหา,,
C10,ค่าใช้จ่ายบริการโทรคมนาคม,50111325,ต-ค่าใช้บริการสถานีฝั่งต่างประเทศ,,
C10,ค่าใช้จ่ายบริการโทรคมนาคม,50111326,ต-ค่าดำเนินการตามโครงการ USO,,
C10,ค่าใช้จ่ายบริการโทรคมนาคม,50111327,ต-ค่าใช้จ่ายบริการ INT'L SMS-ค้าปลีก,,
C10,ค่าใช้จ่ายบริการโทรคมนาคม,50111328,ต-ค่าตอบแทนการใช้ระบบ-MVNE,,
C10,ค่าใช้จ่ายบริการโทรคมนาคม,50111329,ต-ต้นทุนบริการ - LAST MILE,,
C10,ค่าใช้จ่ายบริการโทรคมนาคม,50111330,ต-ต้นทุนบริการ -  SECOND MILE,,
C10,ค่าใช้จ่ายบริการโทรคมนาคม,50111331,ต-ต้นทุนบริหารจัดการโครงการ DE - CAT,,
C10,ค่าใช้จ่ายบริการโทรคมนาคม,50111332,ต-ต้นทุนบริการ-อุปกรณ์โทรคมนาคม,,
C10,ค่าใช้จ่ายบริการโทรคมนาคม,50111333,ต-ส่วนลดรับ-ค่าใช้จ่ายโทรคมนาคมอื่น,,
C10,ค่าใช้จ่ายบริการโทรคมนาคม,50111334,ต-ค่าใช้จ่ายโทรคมนาคมอื่น,,
C10,ค่าใช้จ่ายบริการโทรคมนาคม,50111335,ต-ค่าขอใช้เลขหมาย UIFN-OSS,,
C10,ค่าใช้จ่ายบริการโทรคมนาคม,50111336,ต-ค่ารื้อถอนอุปกรณ์โทรคมนาคม,,
C10,ค่าใช้จ่ายบริการโทรคมนาคม,50111337,ต-ต้นทุนการให้บริการ-อุปกรณ์/จ้าง/อื่น,,
C10,ค่าใช้จ่ายบริการโทรคมนาคม,50111338,ต-ต้นทุนการให้บริการ-ติดตั้ง/ตรวจแก้วงจร,,
C10,ค่าใช้จ่ายบริการโทรคมนาคม,50111339,ต-ค่าใช้ระบบ STORAGE,,
C10,ค่าใช้จ่ายบริการโทรคมนาคม,50111340,ค่าบริการให้ใช้พื้นที่ - เสาโทรคมนาคม 2G,,
C10,ค่าใช้จ่ายบริการโทรคมนาคม,50111341,ค่าบริการสอบถามและรับแจ้งเหตุเสีย - ทีโอที,,
C10,ค่าใช้จ่ายบริการโทรคมนาคม,50111342,ต-ต้นทุนบริการ TurnKey DE-CAT,,
C10,ค่าใช้จ่ายบริการโทรคมนาคม,50111343,ต-ต้นทุนบริการ-โครงการพัฒนาระบบ IT,,
C10,ค่าใช้จ่ายบริการโทรคมนาคม,50111344,ต-ต้นทุนบริการ-โครงการศูนย์ข้อมูลสิ่งแวดล้อม,,
C10,ค่าใช้จ่ายบริการโทรคมนาคม,50111345,ต-ต้นทุนบริการ-โครงการสนับสนุน IT ถวายความปลอดภัย,,
C10,ค่าใช้จ่ายบริการโทรคมนาคม,50111346,ค่าใช้โทรศัพท์เคลื่อนที่ในการให้บริการ  VPN,,
C10,ค่าใช้จ่ายบริการโทรคมนาคม,50111347,ค่าจ้างดำเนินงานด้านลูกค้าสัมพันธ์,,
C10,ค่าใช้จ่ายบริการโทรคมนาคม,50111348,ค่าตอบแทนผู้ดูแลโทรศัพท์สาธารณะ,,
C10,ค่าใช้จ่ายบริการโทรคมนาคม,50111349,ค่าใช้จ่ายส่วนแบ่งโทรศัพท์สาธารณะ,,
C10,ค่าใช้จ่ายบริการโทรคมนาคม,50111350,ค่าใช้ไฟฟ้าตู้โทรศัพท์สาธารณะของคู่สัญญา,,
C10,ค่าใช้จ่ายบริการโทรคมนาคม,50111351,ค่าใช้จ่ายในการจัดทำบัตรโทรศัพท์ ,,
C10,ค่าใช้จ่ายบริการโทรคมนาคม,50111352,ค่าใช้จ่ายในการใช้โครงข่าย - บริการระบบสื่อสารดาวเทียม - บริษัท อคิวเมนท์,,
C10,ค่าใช้จ่ายบริการโทรคมนาคม,50111353,ค่าใช้ความถี่วิทยุ ,,
C10,ค่าใช้จ่ายบริการโทรคมนาคม,50111354,ค่าใช้ช่องสัญญาณดิจิตอลดาวเทียมไอพีสตาร์-1,,
C10,ค่าใช้จ่ายบริการโทรคมนาคม,50111355,ต-ต้นทุนจากการให้บริการ TOT Mobile,,
C10,ค่าใช้จ่ายบริการโทรคมนาคม,50111356,ต-ต้นทุนบริการ-โครงการระบบเชื่อมโยงข้อมูลสุขภาพ,,
C10,ค่าใช้จ่ายบริการโทรคมนาคม,50111357,ต-ต้นทุนบริการ-โครงการปรับปรุงระบบวิทยุเรือ (VHF),,
C10,ค่าใช้จ่ายบริการโทรคมนาคม,50111358,ต-ต้นทุนบริการ-โครงการจัดหา ICT & HEALTH TECH,,
C10,ค่าใช้จ่ายบริการโทรคมนาคม,50111359,ต-ค่าใช้จ่ายระบบทดสอบคุณภาพเสียง,,
C10,ค่าใช้จ่ายบริการโทรคมนาคม,50111360,ต-ค่าโอนย้ายเลขหมาย MNP,,
C10,ค่าใช้จ่ายบริการโทรคมนาคม,50111361,ต-ค่าซอฟท์แวร์เพื่อให้บริการ,,
C10,ค่าใช้จ่ายบริการโทรคมนาคม,50111362,ค่าจ้างเหมาติดตั้งและให้บริการโทรคมนาคม,,
C10,ค่าใช้จ่ายบริการโทรคมนาคม,50111363,ต้นทุนบริการ-โครงการจัดหาระบบและอปก. 5G Smart City,,
C10,ค่าใช้จ่ายบริการโทรคมนาคม,50111364,ต-ค่าจ้างปฏิบัติการควบคุมดาวเทียมและสถานีดาวเทียม,,
C10,ค่าใช้จ่ายบริการโทรคมนาคม,50111366,ต-ค่าสิทธิการใช้-ดาวเทียม,,
C10,ค่าใช้จ่ายบริการโทรคมนาคม,50111367,ค่าตอบแทนจากการอนุญาตให้เป็นผู้บริการโทรศัพท์และสื่อสารโทรคมนาคม,,
C10,ค่าใช้จ่ายบริการโทรคมนาคม,50111368,ต-ต้นทุนบริการ-คก.ป้องกันการโจมตีเว็บฯ-สดช.,,
C10,ค่าใช้จ่ายบริการโทรคมนาคม,50111369,ต-ต้นทุนบริการ-คก.ระบบการให้บริการข้อมูลภาครัฐ,,
C10,ค่าใช้จ่ายบริการโทรคมนาคม,50111370,ต้นทุนบริการโทรคมนาคมอื่น,เพิ่มเมื่อ 27/11/2023,
C10,ค่าใช้จ่ายบริการโทรคมนาคม,50111371,ต-ค่าใช้บริการอุปกรณ์โครงข่ายคลื่น,เพิ่มเมื่อ 10/01/2024,
C10,ค่าใช้จ่ายบริการโทรคมนาคม,50111501,ต-ค่า TRANSPONDER - ดาวเทียม,,
C10,ค่าใช้จ่ายบริการโทรคมนาคม,50111502,ต-ค่าใช้วงจรต่างประเทศ-ดาวเทียม,,
C10,ค่าใช้จ่ายบริการโทรคมนาคม,50219101,ข-ค่า TRANSPONDER - ดาวเทียม,,
C10,ค่าใช้จ่ายบริการโทรคมนาคม,50219102,ข-ค่าใช้วงจรต่างประเทศ-ดาวเทียม,,
C10,ค่าใช้จ่ายบริการโทรคมนาคม,50331001,บ-ค่า TRANSPONDER - ดาวเทียม,,
C10,ค่าใช้จ่ายบริการโทรคมนาคม,50331002,บ-ค่าใช้วงจรต่างประเทศ-ดาวเทียม,,
C11,ค่าเสื่อมราคาและรายจ่ายตัดบัญชีสินทรัพย์,50116111,ต-ค่าเสื่อมราคา-อาคารและสิ่งปลูกสร้าง-กิจการ,,
C11,ค่าเสื่อมราคาและรายจ่ายตัดบัญชีสินทรัพย์,50116112,ต-ค่าเสื่อมราคา-ส่วนปรับปรุงอาคารและสิ่งปลูกสร้าง,,
C11,ค่าเสื่อมราคาและรายจ่ายตัดบัญชีสินทรัพย์,50116113,ค่าเสื่อมราคา-อาคาร และสิ่งปลูกสร้าง,,
C11,ค่าเสื่อมราคาและรายจ่ายตัดบัญชีสินทรัพย์,50116114,ค่าเสื่อมราคา - อุปกรณ์อำนวยความสะดวกภายในอาคาร ,,
C11,ค่าเสื่อมราคาและรายจ่ายตัดบัญชีสินทรัพย์,50116121,ต-ค่าเสื่อมราคา-ศูนย์โทรคมนาคมและอุปกรณ์โทรคมนาคม-กิจการ,,
C11,ค่าเสื่อมราคาและรายจ่ายตัดบัญชีสินทรัพย์,50116122,ต-ค่าเสื่อมราคา-อุปกรณ์รับส่งข้อมูล-กิจการ,,
C11,ค่าเสื่อมราคาและรายจ่ายตัดบัญชีสินทรัพย์,50116123,ต-ค่าเสื่อมราคา-เสาและสายเคเบิล-กิจการ,,
C11,ค่าเสื่อมราคาและรายจ่ายตัดบัญชีสินทรัพย์,50116124,ต-ค่าเสื่อมราคา-อุปกรณ์สนับสนุนบริการ-กิจการ,,
C11,ค่าเสื่อมราคาและรายจ่ายตัดบัญชีสินทรัพย์,50116125,ค่าเสื่อมราคา-อุปกรณ์เครื่องปลายทาง,,
C11,ค่าเสื่อมราคาและรายจ่ายตัดบัญชีสินทรัพย์,50116126,ค่าเสื่อมราคา-อุปกรณ์ข่ายสายตอนนอก,,
C11,ค่าเสื่อมราคาและรายจ่ายตัดบัญชีสินทรัพย์,50116127,ค่าเสื่อมราคา-อุปกรณ์เครื่องชุมสาย,,
C11,ค่าเสื่อมราคาและรายจ่ายตัดบัญชีสินทรัพย์,50116128,ค่าเสื่อมราคา-อุปกรณ์สื่อสัญญาณ,,
C11,ค่าเสื่อมราคาและรายจ่ายตัดบัญชีสินทรัพย์,50116129,ค่าเสื่อมราคา-อุปกรณ์การกำลัง,,
C11,ค่าเสื่อมราคาและรายจ่ายตัดบัญชีสินทรัพย์,50116130,ปรับปรุงค่าเสื่อมราคา-อุปกรณ์โครงข่าย,,
C11,ค่าเสื่อมราคาและรายจ่ายตัดบัญชีสินทรัพย์,50116131,ค่าเสื่อมราคา - อุปกรณ์เครื่องชุมสายโทรศัพท์เคลื่อนที่ ,,
C11,ค่าเสื่อมราคาและรายจ่ายตัดบัญชีสินทรัพย์,50116132,ค่าเสื่อมราคา - อุปกรณ์สื่อสัญญาณโทรศัพท์เคลื่อนที่ ,,
C11,ค่าเสื่อมราคาและรายจ่ายตัดบัญชีสินทรัพย์,50116133,ค่าเสื่อมราคา - อุปกรณ์โครงข่าย CELLULAR 900   ,,
C11,ค่าเสื่อมราคาและรายจ่ายตัดบัญชีสินทรัพย์,50116134,ค่าเสื่อมราคา - อุปกรณ์ TOWER - CELLULAR 900   ,,
C11,ค่าเสื่อมราคาและรายจ่ายตัดบัญชีสินทรัพย์,50116139,ค่าเสื่อมราคา - สินทรัพย์ร่วมลงทุน (พัก)                                         ,,
C11,ค่าเสื่อมราคาและรายจ่ายตัดบัญชีสินทรัพย์,50116151,ต-ค่าเสื่อมราคา-เครื่องมือและอุปกรณ์อื่น-กิจการ,,
C11,ค่าเสื่อมราคาและรายจ่ายตัดบัญชีสินทรัพย์,50116152,ต-ค่าเสื่อมราคา-เครื่องตกแต่ง-กิจการ,,
C11,ค่าเสื่อมราคาและรายจ่ายตัดบัญชีสินทรัพย์,50116153,ค่าเสื่อมราคา - เครื่องตกแต่งติดตั้ง และเครื่องใช้สำนักงาน และอุปกรณ์ไฟฟ้าเพื่อให้บริการ           ,,
C11,ค่าเสื่อมราคาและรายจ่ายตัดบัญชีสินทรัพย์,50116161,ค่าเสื่อมราคา- คอมพิวเตอร์และอุปกรณ์คอมพิวเตอร์ - บริการ,,
C11,ค่าเสื่อมราคาและรายจ่ายตัดบัญชีสินทรัพย์,50116171,ค่าเสื่อมราคา- ยานพาหนะ - บริการ,,
C11,ค่าเสื่อมราคาและรายจ่ายตัดบัญชีสินทรัพย์,50116181,ค่าเสื่อมราคา- ส่วนปรับปรุงที่ดิน- บริการ,,
C11,ค่าเสื่อมราคาและรายจ่ายตัดบัญชีสินทรัพย์,50214111,ข-ค่าเสื่อมราคา-อาคารและสิ่งปลูกสร้าง-กิจการ,,
C11,ค่าเสื่อมราคาและรายจ่ายตัดบัญชีสินทรัพย์,50214112,ข-ค่าเสื่อมราคา-ส่วนปรับปรุงอาคารและสิ่งปลูกสร้าง,,
C11,ค่าเสื่อมราคาและรายจ่ายตัดบัญชีสินทรัพย์,50214121,ข-ค่าเสื่อมราคา-เครื่องมือและอุปกรณ์อื่น-กิจการ,,
C11,ค่าเสื่อมราคาและรายจ่ายตัดบัญชีสินทรัพย์,50214122,ข-ค่าเสื่อมราคา-เครื่องตกแต่ง-กิจการ,,
C11,ค่าเสื่อมราคาและรายจ่ายตัดบัญชีสินทรัพย์,50214130,ค่าเสื่อมราคา- คอมพิวเตอร์และอุปกรณ์คอมพิวเตอร์ -ขาย,,
C11,ค่าเสื่อมราคาและรายจ่ายตัดบัญชีสินทรัพย์,50214140,ค่าเสื่อมราคา- ยานพาหนะ -ขาย,,
C11,ค่าเสื่อมราคาและรายจ่ายตัดบัญชีสินทรัพย์,50314111,บ-ค่าเสื่อมราคา-อาคารและสิ่งปลูกสร้าง-กิจการ,,
C11,ค่าเสื่อมราคาและรายจ่ายตัดบัญชีสินทรัพย์,50314112,บ-ค่าเสื่อมราคา-ส่วนปรับปรุงอาคารและสิ่งปลูกสร้าง,,
C11,ค่าเสื่อมราคาและรายจ่ายตัดบัญชีสินทรัพย์,50314113,ค่าเสื่อมราคา - อาคาร และสิ่งปลูกสร้าง,,
C11,ค่าเสื่อมราคาและรายจ่ายตัดบัญชีสินทรัพย์,50314114,ค่าเสื่อมราคา - ส่วนปรับปรุงอาคาร ,,
C11,ค่าเสื่อมราคาและรายจ่ายตัดบัญชีสินทรัพย์,50314115,ค่าเสื่อมราคา - ส่วนปรับปรุงอาคารเช่า,,
C11,ค่าเสื่อมราคาและรายจ่ายตัดบัญชีสินทรัพย์,50314116,ค่าเสื่อมราคา - อุปกรณ์อำนวยความสะดวกภายในอาคาร ,,
C11,ค่าเสื่อมราคาและรายจ่ายตัดบัญชีสินทรัพย์,50314121,บ-ค่าเสื่อมราคา-เครื่องมือและอุปกรณ์อื่น-กิจการ,,
C11,ค่าเสื่อมราคาและรายจ่ายตัดบัญชีสินทรัพย์,50314122,บ-ค่าเสื่อมราคา-เครื่องตกแต่ง-กิจการ,,
C11,ค่าเสื่อมราคาและรายจ่ายตัดบัญชีสินทรัพย์,50314123,ค่าเสื่อมราคา -อุปกรณ์โรงงาน และโรงพิมพ์  เครื่องมือและเครื่องจักร,,
C11,ค่าเสื่อมราคาและรายจ่ายตัดบัญชีสินทรัพย์,50314124,ค่าเสื่อมราคา - เครื่องตกแต่งติดตั้ง และเครื่องใช้สำนักงาน  และอุปกรณ์ไฟฟ้า,,
C11,ค่าเสื่อมราคาและรายจ่ายตัดบัญชีสินทรัพย์,50314131,บ-ค่าเสื่อมราคา-คอมพิวเตอร์และอุปกรณ์คอมพิวเตอร์-กิจการ,,
C11,ค่าเสื่อมราคาและรายจ่ายตัดบัญชีสินทรัพย์,50314132,ค่าเสื่อมราคา - เครื่องคอมพิวเตอร์ และอุปกรณ์,,
C11,ค่าเสื่อมราคาและรายจ่ายตัดบัญชีสินทรัพย์,50314141,บ-ค่าเสื่อมราคา-ยานพาหนะ,,
C11,ค่าเสื่อมราคาและรายจ่ายตัดบัญชีสินทรัพย์,50314142,ค่าเสื่อมราคา - ยานพาหนะ     ,,
C11,ค่าเสื่อมราคาและรายจ่ายตัดบัญชีสินทรัพย์,50314151,บ-ค่าเสื่อมราคา-ส่วนปรับปรุงที่ดิน,,
C11,ค่าเสื่อมราคาและรายจ่ายตัดบัญชีสินทรัพย์,50314152,ค่าเสื่อมราคา - ส่วนปรับปรุงที่ดิน ,,
C11,ค่าเสื่อมราคาและรายจ่ายตัดบัญชีสินทรัพย์,50314153,ค่าเสื่อมราคา - ส่วนปรับปรุงที่ดินเช่า,,
C11,ค่าเสื่อมราคาและรายจ่ายตัดบัญชีสินทรัพย์,50116211,ต-ค่าตัดจำหน่าย-ซอฟแวร์-กิจการ,,
C11,ค่าเสื่อมราคาและรายจ่ายตัดบัญชีสินทรัพย์,50116212,ค่าตัดจำหน่าย - ค่าสิทธิการให้บริการทางด้านอิเล็กทรอนิกส์,,
C11,ค่าเสื่อมราคาและรายจ่ายตัดบัญชีสินทรัพย์,50116213,ค่าตัดจำหน่าย - ค่าลิขสิทธิ์การใช้ซอฟท์แวร์เพื่อให้บริการ,,
C11,ค่าเสื่อมราคาและรายจ่ายตัดบัญชีสินทรัพย์,50116214,บัญชีปรับปรุง - ค่าตัดจำหน่ายสินทรัพย์ไม่มีตัวตน (ระบบ GL),,
C11,ค่าเสื่อมราคาและรายจ่ายตัดบัญชีสินทรัพย์,50116221,ต-ค่าตัดจำหน่าย-ค่าพัฒนา,,
C11,ค่าเสื่อมราคาและรายจ่ายตัดบัญชีสินทรัพย์,50116222,ต-ค่าตัดจำหน่าย-ค่าจ้างพัฒนา,,
C11,ค่าเสื่อมราคาและรายจ่ายตัดบัญชีสินทรัพย์,50116223,ต-ค่าตัดจำหน่าย-ค่าลิขสิทธิ์/สิทธิบัตร,,
C11,ค่าเสื่อมราคาและรายจ่ายตัดบัญชีสินทรัพย์,50116224,ต-ค่าตัดจำหน่าย-สิทธิการใช้สินทรัพย์อื่น,,
C11,ค่าเสื่อมราคาและรายจ่ายตัดบัญชีสินทรัพย์,50116230,ค่าตัดจำหน่าย- คลื่นความถี่- บริการ,,
C11,ค่าเสื่อมราคาและรายจ่ายตัดบัญชีสินทรัพย์,50116250,ค่าตัดจำหน่าย- ค่าสิทธิการใช้เคเบิลใต้น้ำระหว่างประเทศ,,
C11,ค่าเสื่อมราคาและรายจ่ายตัดบัญชีสินทรัพย์,50214211,ข-ค่าตัดจำหน่าย-ซอฟแวร์-กิจการ,,
C11,ค่าเสื่อมราคาและรายจ่ายตัดบัญชีสินทรัพย์,50214212,ข-ค่าตัดจำหน่าย-ค่าลิขสิทธิ์/สิทธิบัตร,,
C11,ค่าเสื่อมราคาและรายจ่ายตัดบัญชีสินทรัพย์,50214223,ข-ค่าตัดจำหน่าย-สิทธิการใช้สินทรัพย์อื่น,,
C11,ค่าเสื่อมราคาและรายจ่ายตัดบัญชีสินทรัพย์,50214221,ข-ค่าตัดจำหน่าย-ค่าพัฒนา,,
C11,ค่าเสื่อมราคาและรายจ่ายตัดบัญชีสินทรัพย์,50214222,ข-ค่าตัดจำหน่าย-ค่าจ้างพัฒนา,,
C11,ค่าเสื่อมราคาและรายจ่ายตัดบัญชีสินทรัพย์,50314211,บ-ค่าตัดจำหน่าย-ซอฟแวร์-กิจการ,,
C11,ค่าเสื่อมราคาและรายจ่ายตัดบัญชีสินทรัพย์,50314212,บ-ค่าตัดจำหน่าย-ค่าลิขสิทธิ์/สิทธิบัตร,,
C11,ค่าเสื่อมราคาและรายจ่ายตัดบัญชีสินทรัพย์,50314223,บ-ค่าตัดจำหน่าย-สิทธิการใช้สินทรัพย์อื่น,,
C11,ค่าเสื่อมราคาและรายจ่ายตัดบัญชีสินทรัพย์,50314213,ค่าตัดจำหน่าย - ค่าลิขสิทธิ์การใช้ซอฟต์แวร์,,
C11,ค่าเสื่อมราคาและรายจ่ายตัดบัญชีสินทรัพย์,50314214,ค่าตัดจำหน่าย - สิทธิบัตร,,
C11,ค่าเสื่อมราคาและรายจ่ายตัดบัญชีสินทรัพย์,50314221,บ-ค่าตัดจำหน่าย-ค่าพัฒนา,,
C11,ค่าเสื่อมราคาและรายจ่ายตัดบัญชีสินทรัพย์,50314222,บ-ค่าตัดจำหน่าย-ค่าจ้างพัฒนา,,
C11,ค่าเสื่อมราคาและรายจ่ายตัดบัญชีสินทรัพย์,50116420,ต-คส.-อสังหาฯเพื่อการลงทุน-อาคารและสิ่งปลูกสร้าง,,
C11,ค่าเสื่อมราคาและรายจ่ายตัดบัญชีสินทรัพย์,50116430,ค่าเสื่อมราคาอสังหาริมทรัพย์เพื่อการลงทุน-ส่วนปรับปรุงอาคาร- บริการ,,
C11,ค่าเสื่อมราคาและรายจ่ายตัดบัญชีสินทรัพย์,50214420,ค่าเสื่อมราคาอสังหาริมทรัพย์เพื่อการลงทุน-อาคาร-ขาย,,
C11,ค่าเสื่อมราคาและรายจ่ายตัดบัญชีสินทรัพย์,50214430,ค่าเสื่อมราคาอสังหาริมทรัพย์เพื่อการลงทุน-ส่วนปรับปรุงอาคาร-ขาย,,
C11,ค่าเสื่อมราคาและรายจ่ายตัดบัญชีสินทรัพย์,50314421,บ-ค่าเสื่อมฯอสังหาฯเพื่อการลงทุน-อาคารและสิ่งปลูกสร้าง,,
C11,ค่าเสื่อมราคาและรายจ่ายตัดบัญชีสินทรัพย์,50314422,ค่าเสื่อมราคา-อสังหาริมทรัพย์เพื่อการลงทุน-อาคาร,,
C11,ค่าเสื่อมราคาและรายจ่ายตัดบัญชีสินทรัพย์,50314430,บ-ค่าเสื่อมฯอสังหาฯเพื่อการลงทุน-ส่วนปรับปรุงอาคาร,,
C12,ค่าตัดจำหน่ายสิทธิการใช้ตามสัญญาเช่า,50116311,ต-ค่าตัดจำหน่ายสะสมสิทธิการใช้ตามสัญญาเช่า-ที่ดิน,,
C12,ค่าตัดจำหน่ายสิทธิการใช้ตามสัญญาเช่า,50116313,ค่าตัดจำหน่าย-สิทธิในการใช้ส/ท-ที่ดินให้บริการ,,
C12,ค่าตัดจำหน่ายสิทธิการใช้ตามสัญญาเช่า,50116321,ต-ค่าตัดจำหน่ายสิทธิฯส.เช่า-อาคารและสิ่งปลูกสร้าง,,
C12,ค่าตัดจำหน่ายสิทธิการใช้ตามสัญญาเช่า,50116322,ค่าตัดจำหน่าย-สิทธิใช้ส/ท-ใช้พท.ในอาคารให้บริการ,,
C12,ค่าตัดจำหน่ายสิทธิการใช้ตามสัญญาเช่า,50116331,ต-ค่าตัดจำหน่ายสะสมสิทธิการใช้ตามสัญญาเช่า-ศูนย์โทรคมนาคมและอุปกรณ์โทรคมนาคม,,
C12,ค่าตัดจำหน่ายสิทธิการใช้ตามสัญญาเช่า,50116332,ต-ค่าตัดจำหน่ายสะสมสิทธิการใใช้ตามสัญญาเช่า-อุปกรณ์รับส่งข้อมูล,,
C12,ค่าตัดจำหน่ายสิทธิการใช้ตามสัญญาเช่า,50116333,ต-ค่าตัดจำหน่ายสะสมสิทธิการใใช้ตามสัญญาเช่า-เสาและสายเคเบิล,,
C12,ค่าตัดจำหน่ายสิทธิการใช้ตามสัญญาเช่า,50116334,ต-ค่าตัดจำหน่ายสิทธิฯส.เช่า-อุปกรณ์สนับสนุนบริการ,,
C12,ค่าตัดจำหน่ายสิทธิการใช้ตามสัญญาเช่า,50116335,ค่าตัดจำหน่าย -สิทธิในการใช้สินทรัพย์ - อุปกรณ์,,
C12,ค่าตัดจำหน่ายสิทธิการใช้ตามสัญญาเช่า,50116336,ค่าตัดจำหน่าย-สิทธิในการใช้ส/ท-อุปกรณ์ให้บริการ,,
C12,ค่าตัดจำหน่ายสิทธิการใช้ตามสัญญาเช่า,50116340,ค่าตัดจำหน่ายสิทธิการใช้- ยานพาหนะ- บริการ,,
C12,ค่าตัดจำหน่ายสิทธิการใช้ตามสัญญาเช่า,50116350,ค่าตัดจำหน่ายสิทธิการใช้- เครื่องมือและอุปกรณ์อื่น- บริการ,,
C12,ค่าตัดจำหน่ายสิทธิการใช้ตามสัญญาเช่า,50116360,ค่าตัดจำหน่ายสิทธิการใช้- คอมพิวเตอร์และอุปกรณ์- บริการ,,
C12,ค่าตัดจำหน่ายสิทธิการใช้ตามสัญญาเช่า,50116370,ค่าตัดจำหน่ายสิทธิการใช้ตามสัญญาเช่า-ดาวเทียม,,
C12,ค่าตัดจำหน่ายสิทธิการใช้ตามสัญญาเช่า,50116371,ต-ค่าตัดจำหน่ายสิทธิฯส.เช่าที่ดิน-ดาวเทียม,,
C12,ค่าตัดจำหน่ายสิทธิการใช้ตามสัญญาเช่า,50214310,ข-ค่าตัดจำหน่ายสิทธิการใช้ตามสัญญาเช่า-ที่ดิน,,
C12,ค่าตัดจำหน่ายสิทธิการใช้ตามสัญญาเช่า,50214320,ข-ค่าตัดจำหน่ายสิทธิฯส.เช่า-อาคารและสิ่งปลูกสร้าง,,
C12,ค่าตัดจำหน่ายสิทธิการใช้ตามสัญญาเช่า,50214330,ข-ค่าตัดจำหน่ายสิทธิการใช้ตามสัญญาเช่า-ยานพาหนะ,,
C12,ค่าตัดจำหน่ายสิทธิการใช้ตามสัญญาเช่า,50214340,ข-ค่าตัดจำหน่ายสิทธิฯส.เช่า-เครื่องมือ&อปก.อื่น,,
C12,ค่าตัดจำหน่ายสิทธิการใช้ตามสัญญาเช่า,50214350,ข-ค่าตัดจำหน่ายสิทธิฯส.เช่า-คอมพิวเตอร์และอปก.คอมฯ,,
C12,ค่าตัดจำหน่ายสิทธิการใช้ตามสัญญาเช่า,50314310,บ-ค่าตัดจำหน่ายสิทธิการใช้ตามสัญญาเช่า-ที่ดิน,,
C12,ค่าตัดจำหน่ายสิทธิการใช้ตามสัญญาเช่า,50314320,บ-ค่าตัดจำหน่ายสิทธิฯส.เช่า-อาคารและสิ่งปลูกสร้าง,,
C12,ค่าตัดจำหน่ายสิทธิการใช้ตามสัญญาเช่า,50314331,บ-ค่าตัดจำหน่ายสิทธิการใช้ตามสัญญาเช่า-ยานพาหนะ,,
C12,ค่าตัดจำหน่ายสิทธิการใช้ตามสัญญาเช่า,50314332,ค่าตัดจำหน่าย -สิทธิในการใช้สินทรัพย์ - ยานพาหนะ,,
C12,ค่าตัดจำหน่ายสิทธิการใช้ตามสัญญาเช่า,50314333,ค่าตัดจำหน่าย-สิทธิการใช้สินทรัพย์-ยานพาหนะทั่วไป,,
C12,ค่าตัดจำหน่ายสิทธิการใช้ตามสัญญาเช่า,50314340,บ-ค่าตัดจำหน่ายสิทธิฯส.เช่า-เครื่องมือ&อปก.อื่น,,
C12,ค่าตัดจำหน่ายสิทธิการใช้ตามสัญญาเช่า,50314350,บ-ค่าตัดจำหน่ายสิทธิฯส.เช่า-คอมพิวเตอร์และอปก.คอมฯ,,
C12,ค่าตัดจำหน่ายสิทธิการใช้ตามสัญญาเช่า,50116560,ส่วนลดค่าเช่าตามสัญญาเช่า TFRS 16 - บริการ,,
C12,ค่าตัดจำหน่ายสิทธิการใช้ตามสัญญาเช่า,50214560,ส่วนลดค่าเช่าตามสัญญาเช่า TFRS 16 - ขาย,,
C12,ค่าตัดจำหน่ายสิทธิการใช้ตามสัญญาเช่า,50314560,ส่วนลดค่าเช่าตามสัญญาเช่า TFRS 16 - บริหาร,,
C13,ค่าเช่าและค่าใช้สินทรัพย์,50114101,ค่าเช่าที่ดิน,,
C13,ค่าเช่าและค่าใช้สินทรัพย์,50114102,ต-ค่าเช่าที่ดินตัดจ่าย,,
C13,ค่าเช่าและค่าใช้สินทรัพย์,50114201,ต-ค่าเช่าอาคารสถานที่,,
C13,ค่าเช่าและค่าใช้สินทรัพย์,50114202,ต-ค่าเช่าเครื่องตกแต่งและเครื่องใช้สำนักงาน,,
C13,ค่าเช่าและค่าใช้สินทรัพย์,50114203,ต-ค่าเช่าเครื่องมือและอุปกรณ์,,
C13,ค่าเช่าและค่าใช้สินทรัพย์,50114204,ต-ค่าเช่ายานพาหนะ,,
C13,ค่าเช่าและค่าใช้สินทรัพย์,50114205,ต-ค่าเช่าเครื่องและอุปกรณ์โทรคมนาคม,,
C13,ค่าเช่าและค่าใช้สินทรัพย์,50114206,ต-ค่าเช่าระบบโครงข่าย,,
C13,ค่าเช่าและค่าใช้สินทรัพย์,50114207,ต-ค่าเช่าอุปกรณ์อิเล็คทรอนิกส์ (NODE B) - HSPA,,
C13,ค่าเช่าและค่าใช้สินทรัพย์,50114208,ต-ค่าเช่าระบบสื่อสัญญาณ (TRANSMISSION) - HSPA,,
C13,ค่าเช่าและค่าใช้สินทรัพย์,50114209,ต-ค่าเช่าเสาโทรคมนาคม - HSPA,,
C13,ค่าเช่าและค่าใช้สินทรัพย์,50114210,ต-ค่าเช่าอุปกรณ์โครงข่ายหลัก - HSPA,,
C13,ค่าเช่าและค่าใช้สินทรัพย์,50114211,ค่าเช่าอุปกรณ์,,
C13,ค่าเช่าและค่าใช้สินทรัพย์,50114213,ค่าเช่ารถ เรือ,,
C13,ค่าเช่าและค่าใช้สินทรัพย์,50114215,ค่าเช่าสถานที่และค่ากระแสไฟฟ้าในการให้บริการ,,
C13,ค่าเช่าและค่าใช้สินทรัพย์,50114217,ค่าเช่าอาคารสำหรับติดตั้งอุปกรณ์โทรคมนาคมและอุปกรณ์ในการให้บริการ,,
C13,ค่าเช่าและค่าใช้สินทรัพย์,50114218,ค่าเช่าวงจรสื่อสัญญาณดาวเทียม - เครือข่ายสำรองของ ทีโอที,,
C13,ค่าเช่าและค่าใช้สินทรัพย์,50114219,ค่าเช่าวงจรสื่อสัญญาณดาวเทียม - โครงข่ายโทรศัพท์สาธารณะทางไกลชนบท,,
C13,ค่าเช่าและค่าใช้สินทรัพย์,50114220,ค่าเช่าแนวทางสาย,,
C13,ค่าเช่าและค่าใช้สินทรัพย์,50114222,ค่าเช่าอุปกรณ์เพื่อบริการโทรศัพท์นอกข่ายสาย,,
C13,ค่าเช่าและค่าใช้สินทรัพย์,50114223,ค่าเช่าอุปกรณ์โครงข่ายโทรศัพท์เคลื่อนที่,,
C13,ค่าเช่าและค่าใช้สินทรัพย์,50114224,ค่าเช่าวงจรเชื่อมโยง,,
C13,ค่าเช่าและค่าใช้สินทรัพย์,50114225,ต-ค่าบริการ บำรุงรักษา ดูแลจัดการเครื่องและอุปกรณ์ - HSPA,,
C13,ค่าเช่าและค่าใช้สินทรัพย์,50114226,ต-ค่าเช่า-ตามสัญญาใช้ไฟฟ้าโซล่ารูฟ,,
C13,ค่าเช่าและค่าใช้สินทรัพย์,50114227,ต-ค่าเช่าเครื่องวิทยุคมนาคม,,
C13,ค่าเช่าและค่าใช้สินทรัพย์,50114301,ต-ค่าใช้อาคารสถานที่,,
C13,ค่าเช่าและค่าใช้สินทรัพย์,50114302,ค่าใช้บริการ-ตามสัญญาเช่าเครื่อง&อุปกรณ์โทรคมนาคม,,
C13,ค่าเช่าและค่าใช้สินทรัพย์,50114303,ค่าใช้ท่อร้อยของกิจการอื่น,,
C13,ค่าเช่าและค่าใช้สินทรัพย์,50114304,ค่าใช้เส้นใยแก้วนำแสง - กิจการอื่น ๆ,,
C13,ค่าเช่าและค่าใช้สินทรัพย์,50114305,ต-ค่าใช้พื้นที่เขตทางหลวง,,
C13,ค่าเช่าและค่าใช้สินทรัพย์,50114306,ต-ค่าใช้ระบบสื่อสัญญาณระยะยาว-HSPA,เพิ่มเมื่อ 10/01/2024,
C13,ค่าเช่าและค่าใช้สินทรัพย์,50114900,ค่าเช่าอื่น - บริการ,,
C13,ค่าเช่าและค่าใช้สินทรัพย์,50212101,ข-ค่าเช่าที่ดิน,,
C13,ค่าเช่าและค่าใช้สินทรัพย์,50212102,ข-ค่าเช่าที่ดินตัดจ่าย,,
C13,ค่าเช่าและค่าใช้สินทรัพย์,50212201,ข-ค่าเช่าอาคารสถานที่,,
C13,ค่าเช่าและค่าใช้สินทรัพย์,50212202,ข-ค่าเช่าเครื่องตกแต่งและเครื่องใช้สำนักงาน,,
C13,ค่าเช่าและค่าใช้สินทรัพย์,50212203,ข-ค่าเช่าเครื่องมือและอุปกรณ์,,
C13,ค่าเช่าและค่าใช้สินทรัพย์,50212204,ข-ค่าเช่ายานพาหนะ,,
C13,ค่าเช่าและค่าใช้สินทรัพย์,50212205,ข-ค่าเช่า-ตามสัญญาใช้ไฟฟ้าโซล่ารูฟ,,
C13,ค่าเช่าและค่าใช้สินทรัพย์,50212206,ค่าเช่าอุปกรณ์เครื่องใช้-ขาย,,
C13,ค่าเช่าและค่าใช้สินทรัพย์,50212300,ข-ค่าใช้อาคารสถานที่,,
C13,ค่าเช่าและค่าใช้สินทรัพย์,50212301,ข-ค่าใช้พื้นที่เขตทางหลวง,,
C13,ค่าเช่าและค่าใช้สินทรัพย์,50212400,ค่าเช่าอื่น - ขาย,,
C13,ค่าเช่าและค่าใช้สินทรัพย์,50312101,ค่าเช่าที่ดิน,,
C13,ค่าเช่าและค่าใช้สินทรัพย์,50312102,บ-ค่าเช่าที่ดินตัดจ่าย,,
C13,ค่าเช่าและค่าใช้สินทรัพย์,50312201,ค่าเช่าอาคารสถานที่,,
C13,ค่าเช่าและค่าใช้สินทรัพย์,50312202,บ-ค่าเช่าเครื่องตกแต่งและเครื่องใช้สำนักงาน,,
C13,ค่าเช่าและค่าใช้สินทรัพย์,50312203,ค่าเช่าอุปกรณ์เครื่องใช้,,
C13,ค่าเช่าและค่าใช้สินทรัพย์,50312204,บ-ค่าเช่ายานพาหนะ,,
C13,ค่าเช่าและค่าใช้สินทรัพย์,50312206,ค่าเช่ารถประจำ,,
C13,ค่าเช่าและค่าใช้สินทรัพย์,50312207,ค่าเช่ารถชั่วคราว,,
C13,ค่าเช่าและค่าใช้สินทรัพย์,50312208,ค่าเช่าเรือ,,
C13,ค่าเช่าและค่าใช้สินทรัพย์,50312209,ค่าเช่าอื่น ๆ,,
C13,ค่าเช่าและค่าใช้สินทรัพย์,50312302,บ-ค่าใช้อาคารสถานที่,,
C13,ค่าเช่าและค่าใช้สินทรัพย์,50312303,บ-ค่าเช่า-ตามสัญญาใช้ไฟฟ้าโซล่ารูฟ,,
C13,ค่าเช่าและค่าใช้สินทรัพย์,50312304,บ-ค่าใช้พื้นที่เขตทางหลวง,,
C13,ค่าเช่าและค่าใช้สินทรัพย์,50312400,ค่าเช่าอื่น - บริหาร,,
C14,ต้นทุนขาย,50121001,ต้นทุนขายสินค้า,,
C14,ต้นทุนขาย,50121003,ต้นทุนขาย,,
C14,ต้นทุนขาย,50121006,ส่วนลดรับ,,
C15,ค่าใช้จ่ายบริการอื่น,50112101,ต-ค่าจัดฝึกอบรม/สัมมนาให้หน่วยงานภายนอก,,
C15,ค่าใช้จ่ายบริการอื่น,50112105,ต-ค่าใช้จ่ายบริหารอาคารที่พัก,,
C15,ค่าใช้จ่ายบริการอื่น,50112106,ต-ค่าใช้จ่ายบริการอื่น,,
C15,ค่าใช้จ่ายบริการอื่น,50112107,ต้นทุนงานผลิตและซ่อม,,
C15,ค่าใช้จ่ายบริการอื่น,50112108,ค่าใช้จ่ายจากการให้บริการฝึกอบรมบุคคลภายนอก,,
C15,ค่าใช้จ่ายบริการอื่น,50112109,ค่าใช้จ่ายจากการให้บริการอื่น ๆ,,
C15,ค่าใช้จ่ายบริการอื่น,50112110,ค่าใช้จ่ายในการให้บริการในพื้นที่,,
C15,ค่าใช้จ่ายบริการอื่น,50112111,ต้นทุนบริการอื่น,,
C15,ค่าใช้จ่ายบริการอื่น,50112112,ต-เงินอุดหนุนเกี่ยวกับการกำกับดูแล NSW,,
C16,ค่าใช้จ่ายดำเนินงานอื่น,50316101,ค่าสอบบัญชี,,
C16,ค่าใช้จ่ายดำเนินงานอื่น,50316102,ค่าสอบบัญชีอื่น ๆ,,
C16,ค่าใช้จ่ายดำเนินงานอื่น,50316201,ค่าใช้จ่ายเกี่ยวกับที่ปรึกษาด้านบริหาร,,
C16,ค่าใช้จ่ายดำเนินงานอื่น,50316202,ค่าใช้จ่ายเกี่ยวกับที่ปรึกษาด้านวิศวกรรม,,
C16,ค่าใช้จ่ายดำเนินงานอื่น,50316203,ค่าใช้จ่ายเกี่ยวกับที่ปรึกษาด้านการวางแผนงานหลัก,,
C16,ค่าใช้จ่ายดำเนินงานอื่น,50316204,ค่าใช้จ่ายเกี่ยวกับที่ปรึกษาด้านบัญชีและการเงิน,,
C16,ค่าใช้จ่ายดำเนินงานอื่น,50316205,ค่าใช้จ่ายเกี่ยวกับที่ปรึกษาด้านกฎหมาย,,
C16,ค่าใช้จ่ายดำเนินงานอื่น,50316206,ค่าใช้จ่ายเกี่ยวกับที่ปรึกษาด้านอื่น ๆ,,
C16,ค่าใช้จ่ายดำเนินงานอื่น,50316301,บ-ค่าที่ปรึกษาทั่วไป,,
C16,ค่าใช้จ่ายดำเนินงานอื่น,50316302,บ-ค่าที่ปรึกษาวิชาชีพ,,
C16,ค่าใช้จ่ายดำเนินงานอื่น,50316303,บ-ค่าใช้จ่ายเกี่ยวกับวิชาชีพ,,
C16,ค่าใช้จ่ายดำเนินงานอื่น,50317101,บ-หนี้สูญ-ลูกหนี้การค้า,,
C16,ค่าใช้จ่ายดำเนินงานอื่น,50317102,บ-หนี้สูญ-ลูกหนี้ส่วนแบ่งบริการโทรคมนาคม,,
C16,ค่าใช้จ่ายดำเนินงานอื่น,50317103,บ-ค่าใช้จ่ายยกหนี้,,
C16,ค่าใช้จ่ายดำเนินงานอื่น,50317104,บ-หนี้สูญ-ลูกหนี้อื่น,,
C16,ค่าใช้จ่ายดำเนินงานอื่น,50317105,หนี้สูญ - ลูกหนี้ผู้ใช้บริการโทรคมนาคม,,
C16,ค่าใช้จ่ายดำเนินงานอื่น,50317106,หนี้สูญ - ลูกหนี้การค้าจากการให้บริการโทรศัพท์เคลื่อนที่ 3G - Wholesale,,
C16,ค่าใช้จ่ายดำเนินงานอื่น,50317107,หนี้สูญ - ลูกหนี้การค้าจากการให้บริการโทรศัพท์เคลื่อนที่ 3G - Retail,,
C16,ค่าใช้จ่ายดำเนินงานอื่น,50317108,หนี้สูญ - ลูกหนี้การค้าอื่น,,
C16,ค่าใช้จ่ายดำเนินงานอื่น,50317109,หนี้สูญ - ลูกหนี้ผู้ใช้บริการไม่เกี่ยวกับโทรคมนาคม,,
C16,ค่าใช้จ่ายดำเนินงานอื่น,50317112,หนี้สูญ - ลูกหนี้โครงข่ายทางไกลต่างประเทศ,,
C16,ค่าใช้จ่ายดำเนินงานอื่น,50317113,หนี้สูญ - ลูกหนี้การค้ากิจการที่เกี่ยวข้องกัน,,
C16,ค่าใช้จ่ายดำเนินงานอื่น,50317114,หนี้สูญ - ลูกหนี้อื่น,,
C16,ค่าใช้จ่ายดำเนินงานอื่น,50317115,หนี้สูญ - ลูกหนี้การค้าบริษัทย่อยบริษัทร่วม,,
C16,ค่าใช้จ่ายดำเนินงานอื่น,50317116,หนี้สูญ - ลูกหนี้การค้าส่วนแบ่งรายได้,,
C16,ค่าใช้จ่ายดำเนินงานอื่น,50317117,บ-หนี้สูญ-ลูกหนี้บริการระยะยาว,,
C16,ค่าใช้จ่ายดำเนินงานอื่น,50317118,บ-หนี้สูญ-ลูกหนี้ขายสินค้า,,
C16,ค่าใช้จ่ายดำเนินงานอื่น,50317201,บ-หนี้สงสัยจะสูญ-ลูกหนี้การค้า,,
C16,ค่าใช้จ่ายดำเนินงานอื่น,50317202,บ-หนี้สงสัยจะสูญ-ลูกหนี้ส่วนแบ่งบริการโทรคมนาคม,,
C16,ค่าใช้จ่ายดำเนินงานอื่น,50317203,บ - หนี้สงสัยจะสูญ - ดอกเบี้ยเงินให้กู้ยืมค้างรับ,,
C16,ค่าใช้จ่ายดำเนินงานอื่น,50317204,บ - หนี้สงสัยจะสูญ - เงินกู้,,
C16,ค่าใช้จ่ายดำเนินงานอื่น,50317205,บ-หนี้สงสัยจะสูญ-ลูกหนี้อื่น,,
C16,ค่าใช้จ่ายดำเนินงานอื่น,50317206,หนี้สงสัยจะสูญ - ลูกหนี้ผู้ใช้บริการโทรคมนาคม,,
C16,ค่าใช้จ่ายดำเนินงานอื่น,50317207,หนี้สงสัยจะสูญ - ลูกหนี้การค้าจากการให้บริการโทรศัพท์เคลื่อนที่ 3G - Wholesale,,
C16,ค่าใช้จ่ายดำเนินงานอื่น,50317208,หนี้สงสัยจะสูญ - ลูกหนี้การค้าจากการให้บริการโทรศัพท์เคลื่อนที่ 3G - Retail,,
C16,ค่าใช้จ่ายดำเนินงานอื่น,50317209,หนี้สงสัยจะสูญ - ลูกหนี้การค้าอื่น,,
C16,ค่าใช้จ่ายดำเนินงานอื่น,50317210,หนี้สงสัยจะสูญ - ลูกหนี้การค้า - บริษัท TRUE,,
C16,ค่าใช้จ่ายดำเนินงานอื่น,50317211,หนี้สงสัยจะสูญ - ลูกหนี้การค้า - บริษัท TT&T,,
C16,ค่าใช้จ่ายดำเนินงานอื่น,50317212,หนี้สงสัยจะสูญ - ลูกหนี้ผู้ใช้บริการไม่เกี่ยวกับโทรคมนาคม,,
C16,ค่าใช้จ่ายดำเนินงานอื่น,50317215,หนี้สงสัยจะสูญ - ลูกหนี้บริษัทผู้ให้บริการรายอื่น ๆ,,
C16,ค่าใช้จ่ายดำเนินงานอื่น,50317216,หนี้สงสัยจะสูญ - ลูกหนี้โครงข่ายทางไกลต่างประเทศ,,
C16,ค่าใช้จ่ายดำเนินงานอื่น,50317217,หนี้สงสัยจะสูญ - ลูกหนี้การค้ากิจการที่เกี่ยวข้องกัน,,
C16,ค่าใช้จ่ายดำเนินงานอื่น,50317218,หนี้สงสัยจะสูญ - ลูกหนี้อื่น,,
C16,ค่าใช้จ่ายดำเนินงานอื่น,50317219,หนี้สงสัยจะสูญ - เงินให้กู้ยืมแก่พนักงาน (ทีโอที),,
C16,ค่าใช้จ่ายดำเนินงานอื่น,50317220,หนี้สงสัยจะสูญ - ลูกหนี้การค้าบริษัทย่อยบริษัทร่วม,,
C16,ค่าใช้จ่ายดำเนินงานอื่น,50317221,หนี้สงสัยจะสูญ - ลูกหนี้การค้าส่วนแบ่งรายได้,,
C16,ค่าใช้จ่ายดำเนินงานอื่น,50317222,บ-หนี้สงสัยจะสูญ - ลูกหนี้บริการระยะยาว,,
C16,ค่าใช้จ่ายดำเนินงานอื่น,50317223,บ-หนี้สงสัยจะสูญ - ลูกหนี้ขายสินค้า,,
C16,ค่าใช้จ่ายดำเนินงานอื่น,50317224,บ-หนี้สงสัยจะสูญ - รายได้ค้างรับ(ลูกหนี้การค้า),,
C16,ค่าใช้จ่ายดำเนินงานอื่น,50317225,บ-หนี้สงสัยจะสูญ - รายได้ค้างรับ(ลูกหนี้อื่น),,
C16,ค่าใช้จ่ายดำเนินงานอื่น,50317226,บ-หนี้สงสัยจะสูญ - ลูกหนี้บริการ ตปท.,,
C16,ค่าใช้จ่ายดำเนินงานอื่น,50318111,บ-ขาดทุนจากการด้อยค่า-อาคารและสิ่งปลูกสร้าง,,
C16,ค่าใช้จ่ายดำเนินงานอื่น,50318112,ขาดทุนจากการด้อยค่าของสินทรัพย์ถาวร,,
C16,ค่าใช้จ่ายดำเนินงานอื่น,50318121,บ-ขาดทุนจากการด้อยค่า-ศูนย์โทรคมฯและอุปกรณ์โทรคมฯ-กิจการ,,
C16,ค่าใช้จ่ายดำเนินงานอื่น,50318122,บ-ขาดทุนจากการด้อยค่า-อุปกรณ์รับส่งข้อมูล-กิจการ,,
C16,ค่าใช้จ่ายดำเนินงานอื่น,50318123,บ-ขาดทุนจากการด้อยค่า-เสาและสายเคเบิล-กิจการ,,
C16,ค่าใช้จ่ายดำเนินงานอื่น,50318124,บ-ขาดทุนจากการด้อยค่า-อุปกรณ์สนับสนุนบริการ-กิจการ,,
C16,ค่าใช้จ่ายดำเนินงานอื่น,50318125,ขาดทุนจากการด้อยค่าสินทรัพย์อุปกรณ์โครงข่าย,,
C16,ค่าใช้จ่ายดำเนินงานอื่น,50318127,ขาดทุนจากการด้อยค่าอะไหล่สำคัญ - อุปกรณ์โทรคมนาคม,,
C16,ค่าใช้จ่ายดำเนินงานอื่น,50318131,บ-ขาดทุนจากการด้อยค่า-เครื่องมือและอุปกรณ์อื่น-กิจการ,,
C16,ค่าใช้จ่ายดำเนินงานอื่น,50318132,บ-ขาดทุนจากการด้อยค่า-เครื่องตกแต่ง&เครื่องใช้-กิจการ,,
C16,ค่าใช้จ่ายดำเนินงานอื่น,50318141,ขาดทุนจากการด้อยค่า- คอมพิวเตอร์และอุปกรณ์คอมพิวเตอร์,,
C16,ค่าใช้จ่ายดำเนินงานอื่น,50318171,ขาดทุนจากการด้อยค่า- งานระหว่างก่อสร้าง,,
C16,ค่าใช้จ่ายดำเนินงานอื่น,50318210,ขาดทุนจากการด้อยค่า- ซอฟแวร์,,
C16,ค่าใช้จ่ายดำเนินงานอื่น,50318221,บ-ขาดทุนด้อยค่า คชจ.ล่วงหน้า-Capacity 4G ระยะสั้น,,
C16,ค่าใช้จ่ายดำเนินงานอื่น,50318222,บ-ขาดทุนด้อยค่า คชจ.ล่วงหน้า-Capacity 4G ระยะยาว,,
C16,ค่าใช้จ่ายดำเนินงานอื่น,50318223,ขาดทุนจากการด้อยค่าสินทรัพย์ไม่มีตัวตน,เพิ่มเมื่อ 12/02/2024,
C16,ค่าใช้จ่ายดำเนินงานอื่น,50318310,บ-ขาดทุนด้อยค่าสิทธิการใช้ตามสัญญาเช่า-ที่ดิน,,
C16,ค่าใช้จ่ายดำเนินงานอื่น,50318320,บ-ขาดทุนด้อยค่าสิทธิฯส.เช่า-อาคารและสิ่งปลูกสร้าง,,
C16,ค่าใช้จ่ายดำเนินงานอื่น,50318331,บ-ขาดทุนด้อยค่าสิทธิฯส.เช่า-ศูนย์โทรฯและอปก.โทรฯ,,
C16,ค่าใช้จ่ายดำเนินงานอื่น,50318332,บ-ขาดทุนด้อยค่าสิทธิฯส.เช่า-อุปกรณ์รับส่งข้อมูล,,
C16,ค่าใช้จ่ายดำเนินงานอื่น,50318333,บ-ขาดทุนด้อยค่าสิทธิฯส.เช่า-เสาและสายเคเบิล,,
C16,ค่าใช้จ่ายดำเนินงานอื่น,50318334,บ-ขาดทุนด้อยค่าสิทธิฯส.เช่า-อุปกรณ์สนับสนุนบริการ,,
C16,ค่าใช้จ่ายดำเนินงานอื่น,50318335,บ-ขาดทุนจากการปรับมูลค่า-สิทธิการใช้วงจรสื่อสัญญาณ,,
C16,ค่าใช้จ่ายดำเนินงานอื่น,50318340,บ-ขาดทุนด้อยค่าสิทธิการใช้ตามสัญญาเช่า-ยานพาหนะ,,
C16,ค่าใช้จ่ายดำเนินงานอื่น,50318350,บ-ขาดทุนด้อยค่าสิทธิฯส.เช่า-เครื่องมือ&อุปกรณ์อื่น,,
C16,ค่าใช้จ่ายดำเนินงานอื่น,50318360,บ-ขาดทุนด้อยค่าสิทธิฯส.เช่า-คอมพิวเตอร์และอปก.คอมฯ,,
C16,ค่าใช้จ่ายดำเนินงานอื่น,50318401,ขาดทุนจากการด้อยค่าอสังหาริมทรัพย์เพื่อการลงทุน-ที่ดิน,,
C16,ค่าใช้จ่ายดำเนินงานอื่น,50318402,ขาดทุนจากการด้อยค่าอสังหาริมทรัพย์เพื่อการลงทุน-อาคาร,,
C16,ค่าใช้จ่ายดำเนินงานอื่น,50318403,ขาดทุนจากการด้อยค่า - อสังหาริมทรัพย์เพื่อการลงทุน,,
C16,ค่าใช้จ่ายดำเนินงานอื่น,50318501,ขาดทุนจากการด้อยค่าของเงินลงทุน - บริษัทย่อย / บริษัทร่วม / กิจการร่วมค้า,,
C16,ค่าใช้จ่ายดำเนินงานอื่น,50318502,ขาดทุนจากการด้อยค่าของเงินลงทุนระยะยาวอื่น,,
C16,ค่าใช้จ่ายดำเนินงานอื่น,50318601,ขาดทุนจากการด้อยค่าวัสดุโทรคมนาคมเพื่อบริการ,,
C16,ค่าใช้จ่ายดำเนินงานอื่น,50318602,ขาดทุนจากการด้อยค่าวัสดุที่ใช้ในสำนักงาน,,
C16,ค่าใช้จ่ายดำเนินงานอื่น,50399084,ขาดทุนจากการด้อยค่าเงินลงทุนในประเทศ,,
C16,ค่าใช้จ่ายดำเนินงานอื่น,50118101,ต-ค่าเบี้ยประกันภัย-อาคารและสิ่งปลูกสร้าง,,
C16,ค่าใช้จ่ายดำเนินงานอื่น,50118102,ต-ค่าเบี้ยประกันภัย-อุปกรณ์โทรคมนาคม,,
C16,ค่าใช้จ่ายดำเนินงานอื่น,50118103,ต-ค่าเบี้ยประกันภัย-ยานพาหนะ,,
C16,ค่าใช้จ่ายดำเนินงานอื่น,50118104,ต-ค่าเบื้ยประกันชีวิต,,
C16,ค่าใช้จ่ายดำเนินงานอื่น,50118105,ต-ค่าเบี้ยประกันภัยอื่น,,
C16,ค่าใช้จ่ายดำเนินงานอื่น,50118106,ค่าเบี้ยประกันอุปกรณ์โทรคมนาคม,,
C16,ค่าใช้จ่ายดำเนินงานอื่น,50118107,ต-ค่าเบี้ยประกันภัย-ส/ท สิทธิฯส.เช่า-ดาวเทียม,,
C16,ค่าใช้จ่ายดำเนินงานอื่น,50217101,ข-ค่าเบี้ยประกันภัย-อาคารและสิ่งปลูกสร้าง,,
C16,ค่าใช้จ่ายดำเนินงานอื่น,50217102,ข-ค่าเบี้ยประกันภัย-ยานพาหนะ,,
C16,ค่าใช้จ่ายดำเนินงานอื่น,50217103,ข-ค่าเบื้ยประกันชีวิต,,
C16,ค่าใช้จ่ายดำเนินงานอื่น,50217104,ข-ค่าเบี้ยประกันภัยอื่น,,
C16,ค่าใช้จ่ายดำเนินงานอื่น,50322101,ค่าเบี้ยประกันภัย - อาคาร,,
C16,ค่าใช้จ่ายดำเนินงานอื่น,50322102,ค่าเบี้ยประกันภัย - อุบัติเหตุของยานพาหนะ,,
C16,ค่าใช้จ่ายดำเนินงานอื่น,50322103,บ-ค่าเบื้ยประกันชีวิต,,
C16,ค่าใช้จ่ายดำเนินงานอื่น,50322104,บ-ค่าเบี้ยประกันภัยอื่น,,
C16,ค่าใช้จ่ายดำเนินงานอื่น,50322105,ค่าเบี้ยประกันภัย - อุปกรณ์และครุภัณฑ์ในอาคาร,,
C16,ค่าใช้จ่ายดำเนินงานอื่น,50322106,ค่าเบี้ยประกันภัย - อื่น ๆ,,
C16,ค่าใช้จ่ายดำเนินงานอื่น,50322107,ค่าเบี้ยประกันภัยอุปกรณ์อื่น,,
C16,ค่าใช้จ่ายดำเนินงานอื่น,50118201,ค่าขนส่ง,,
C16,ค่าใช้จ่ายดำเนินงานอื่น,50118203,ค่าน้ำมันเชื้อเพลิง - ยานพาหนะ,,
C16,ค่าใช้จ่ายดำเนินงานอื่น,50118206,ต-ค่าใช้จ่ายเดินทางเพื่อปฏิบัติงาน-ในประเทศ,,
C16,ค่าใช้จ่ายดำเนินงานอื่น,50118207,ต-ค่าใช้จ่ายเดินทางเพื่อปฏิบัติงาน-ต่างประเทศ,,
C16,ค่าใช้จ่ายดำเนินงานอื่น,50118208,ต-ค่ายานพาหนะ,,
C16,ค่าใช้จ่ายดำเนินงานอื่น,50118209,ต-ค่าใช้จ่ายในการขนส่ง,,
C16,ค่าใช้จ่ายดำเนินงานอื่น,50118210,ต-ค่าน้ำมันเชื้อเพลิง,,
C16,ค่าใช้จ่ายดำเนินงานอื่น,50111509,ต-ค่าน้ำมันเชื้อเพลิง-ธุรกิจดาวเทียม,,
C16,ค่าใช้จ่ายดำเนินงานอื่น,50111512,ต-ค่าใช้จ่ายเดินทางเพื่อปฏิบัติงาน-นปท.-ดาวเทียม,,
C16,ค่าใช้จ่ายดำเนินงานอื่น,50111513,ต-ค่าใช้จ่ายเดินทางเพื่อปฏิบัติงาน-ตปท.-ดาวเทียม,,
C16,ค่าใช้จ่ายดำเนินงานอื่น,50118211,ต-ค่าใช้จ่ายยานพาหนะ-อื่น,,
C16,ค่าใช้จ่ายดำเนินงานอื่น,50118212,ต-ค่าน้ำมันเชื้อเพลิง-FLEET CARD,,
C16,ค่าใช้จ่ายดำเนินงานอื่น,50118213,ค่าเบี้ยเลี้ยง-ต้นทุน,เพิ่มเมื่อ 27/11/2023,
C16,ค่าใช้จ่ายดำเนินงานอื่น,50118214,ค่าที่พัก-ต้นทุน,เพิ่มเมื่อ 27/11/2023,
C16,ค่าใช้จ่ายดำเนินงานอื่น,50118215,ค่าพาหนะเดินทาง-ต้นทุน,เพิ่มเมื่อ 27/11/2023,
C16,ค่าใช้จ่ายดำเนินงานอื่น,50217201,ข-ค่าใช้จ่ายเดินทางเพื่อปฏิบัติงาน-ในประเทศ,,
C16,ค่าใช้จ่ายดำเนินงานอื่น,50217202,ข-ค่าใช้จ่ายเดินทางเพื่อปฏิบัติงาน-ต่างประเทศ,,
C16,ค่าใช้จ่ายดำเนินงานอื่น,50219112,ข-ค่าใช้จ่ายเดินทางเพื่อปฏิบัติงาน-นปท.-ดาวเทียม,,
C16,ค่าใช้จ่ายดำเนินงานอื่น,50219113,ข-ค่าใช้จ่ายเดินทางเพื่อปฏิบัติงาน-ตปท.-ดาวเทียม,,
C16,ค่าใช้จ่ายดำเนินงานอื่น,50217203,ข-ค่าใช้จ่ายในการขนส่ง,,
C16,ค่าใช้จ่ายดำเนินงานอื่น,50217204,ข-ค่าน้ำมันเชื้อเพลิง,,
C16,ค่าใช้จ่ายดำเนินงานอื่น,50219109,ข-ค่าน้ำมันเชื้อเพลิง-ธุรกิจดาวเทียม,,
C16,ค่าใช้จ่ายดำเนินงานอื่น,50217205,ข-ค่ายานพาหนะ,,
C16,ค่าใช้จ่ายดำเนินงานอื่น,50217206,ข-ค่าใช้จ่ายยานพาหนะ-อื่น,,
C16,ค่าใช้จ่ายดำเนินงานอื่น,50217207,ข-ค่าน้ำมันเชื้อเพลิง-FLEET CARD,,
C16,ค่าใช้จ่ายดำเนินงานอื่น,50217208,ค่าเบี้ยเลี้ยง-ขาย,เพิ่มเมื่อ 27/11/2023,
C16,ค่าใช้จ่ายดำเนินงานอื่น,50217209,ค่าที่พัก-ขาย,เพิ่มเมื่อ 27/11/2023,
C16,ค่าใช้จ่ายดำเนินงานอื่น,50217210,ค่าพาหนะเดินทาง-ขาย,เพิ่มเมื่อ 27/11/2023,
C16,ค่าใช้จ่ายดำเนินงานอื่น,50322201,ค่าขนส่ง- บริหาร,,
C16,ค่าใช้จ่ายดำเนินงานอื่น,50322202,บ-ค่าใช้จ่ายเดินทางเพื่อปฏิบัติงาน-ในประเทศ,,
C16,ค่าใช้จ่ายดำเนินงานอื่น,50322203,บ-ค่าใช้จ่ายเดินทางเพื่อปฏิบัติงาน-ต่างประเทศ,,
C16,ค่าใช้จ่ายดำเนินงานอื่น,50331012,บ-ค่าใช้จ่ายเดินทางเพื่อปฏิบัติงาน-นปท.-ดาวเทียม,,
C16,ค่าใช้จ่ายดำเนินงานอื่น,50331013,บ-ค่าใช้จ่ายเดินทางเพื่อปฏิบัติงาน-ตปท.-ดาวเทียม,,
C16,ค่าใช้จ่ายดำเนินงานอื่น,50322204,ค่าน้ำมันเชื้อเพลิง,,
C16,ค่าใช้จ่ายดำเนินงานอื่น,50331009,บ-ค่าน้ำมันเชื้อเพลิง-ธุรกิจดาวเทียม,,
C16,ค่าใช้จ่ายดำเนินงานอื่น,50322205,บ-ค่ายานพาหนะ,,
C16,ค่าใช้จ่ายดำเนินงานอื่น,50322206,บ-ค่าใช้จ่ายยานพาหนะ-อื่น,,
C16,ค่าใช้จ่ายดำเนินงานอื่น,50322207,บ-ค่าน้ำมันเชื้อเพลิง-FLEET CARD,,
C16,ค่าใช้จ่ายดำเนินงานอื่น,50322208,ค่าเบี้ยเลี้ยง-บริหาร,เพิ่มเมื่อ 27/11/2023,
C16,ค่าใช้จ่ายดำเนินงานอื่น,50322209,ค่าที่พัก-บริหาร,เพิ่มเมื่อ 27/11/2023,
C16,ค่าใช้จ่ายดำเนินงานอื่น,50322210,ค่าพาหนะเดินทาง-บริหาร,เพิ่มเมื่อ 27/11/2023,
C16,ค่าใช้จ่ายดำเนินงานอื่น,50118301,ค่าธรรมเนียมธนาคารและอื่น - บริการ,,
C16,ค่าใช้จ่ายดำเนินงานอื่น,50217401,ค่าธรรมเนียมธนาคารและอื่น - ขาย,,
C16,ค่าใช้จ่ายดำเนินงานอื่น,50322301,บ-ค่าธรรมเนียมการเงินและการธนาคาร,,
C16,ค่าใช้จ่ายดำเนินงานอื่น,50322302,บ-ค่าธรรมเนียมจัดการกองทุน,,
C16,ค่าใช้จ่ายดำเนินงานอื่น,50322303,ค่าธรรมเนียมธนาคาร - SOE,,
C16,ค่าใช้จ่ายดำเนินงานอื่น,50322304,ค่าธรรมเนียมธนาคาร (เงินลงทุน) - SOE,,
C16,ค่าใช้จ่ายดำเนินงานอื่น,50322305,ค่าธรรมเนียมธนาคาร (เงินกู้) - SOE,,
C16,ค่าใช้จ่ายดำเนินงานอื่น,50322306,ค่าธรรมเนียมธนาคาร  Auto - SOE,,
C16,ค่าใช้จ่ายดำเนินงานอื่น,50322307,ค่าธรรมเนียมธนาคาร - อื่น,,
C16,ค่าใช้จ่ายดำเนินงานอื่น,50322308,ค่าธรรมเนียมธนาคาร (เงินลงทุน) - อื่น,,
C16,ค่าใช้จ่ายดำเนินงานอื่น,50322309,ค่าธรรมเนียมธนาคาร (เงินกู้) - อื่น,,
C16,ค่าใช้จ่ายดำเนินงานอื่น,50322310,ค่าธรรมเนียมธนาคาร  Auto - อื่น,,
C16,ค่าใช้จ่ายดำเนินงานอื่น,50322311,ค่าธรรมเนียมธนาคาร กรณีโทรศัพท์สาธารณะบัตรเครดิต,,
C16,ค่าใช้จ่ายดำเนินงานอื่น,50322312,ค่าธรรมเนียมอื่น ๆ,,
C16,ค่าใช้จ่ายดำเนินงานอื่น,50322313,ค่าธรรมเนียมธนาคาร - ชำระผ่าน Internet,,
C16,ค่าใช้จ่ายดำเนินงานอื่น,50322314,ค่าธรรมเนียมธนาคาร กรณีรับชำระด้วยบัตรเครดิต,,
C16,ค่าใช้จ่ายดำเนินงานอื่น,50322315,ค่าธรรมเนียมธนาคาร กรณีรับชำระโดยวิธีหักบัญชีธนาคาร / บัตรเครดิต,,
C16,ค่าใช้จ่ายดำเนินงานอื่น,50322401,ค่ารับรอง- บริหาร,,
C16,ค่าใช้จ่ายดำเนินงานอื่น,50322501,ค่าการกุศลสาธารณะ,,
C16,ค่าใช้จ่ายดำเนินงานอื่น,50322502,บ-ค่าบริจาคอื่น,,
C16,ค่าใช้จ่ายดำเนินงานอื่น,50322503,ค่าบริจาคเพื่อการกุศลอื่นๆ,,
C16,ค่าใช้จ่ายดำเนินงานอื่น,50322504,บ-สนับสนุน รพ.สนาม,,
C16,ค่าใช้จ่ายดำเนินงานอื่น,50322601,บ-ค่าการกุศลเพื่อการศึกษาหรือเพื่อการกีฬา,,
C16,ค่าใช้จ่ายดำเนินงานอื่น,50322602,ค่าบริจาคเพื่อการศึกษา,,
C16,ค่าใช้จ่ายดำเนินงานอื่น,50322603,ค่าบริจาคเพื่อการกีฬา,,
C16,ค่าใช้จ่ายดำเนินงานอื่น,50322701,เงินนำส่ง กสทช. ตามมาตรา 84,,
C16,ค่าใช้จ่ายดำเนินงานอื่น,50322801,ต-ค่าภาษีบำรุงท้องที่และค่าภาษีโรงเรือน,,
C16,ค่าใช้จ่ายดำเนินงานอื่น,50322802,ต-ค่าภาษีอากรอื่น,,
C16,ค่าใช้จ่ายดำเนินงานอื่น,50322803,บ-ค่าภาษีบำรุงท้องที่และค่าภาษีโรงเรือน,,
C16,ค่าใช้จ่ายดำเนินงานอื่น,50322804,บ-ค่าภาษีอากรอื่น,,
C16,ค่าใช้จ่ายดำเนินงานอื่น,50322805,บ-ภาษีขายที่ออกให้,,
C16,ค่าใช้จ่ายดำเนินงานอื่น,50322806,บ-ภาษีซื้อไม่ขอคืน,,
C16,ค่าใช้จ่ายดำเนินงานอื่น,50322807,เบี้ยปรับเงินเพิ่มทางภาษีอากร,,
C16,ค่าใช้จ่ายดำเนินงานอื่น,50322808,ค่าภาษีโรงเรือนและที่ดิน,,
C16,ค่าใช้จ่ายดำเนินงานอื่น,50322809,ค่าภาษีป้าย,,
C16,ค่าใช้จ่ายดำเนินงานอื่น,50322810,ค่าอากรแสตมป์,,
C16,ค่าใช้จ่ายดำเนินงานอื่น,50322811,ค่าภาษีรถยนต์,,
C16,ค่าใช้จ่ายดำเนินงานอื่น,50322812,ค่าภาษีธุรกิจเฉพาะ,,
C16,ค่าใช้จ่ายดำเนินงานอื่น,50322813,ภาษีสรรพสามิต,,
C16,ค่าใช้จ่ายดำเนินงานอื่น,50322814,ข-ค่าภาษีบำรุงท้องที่และค่าภาษีโรงเรือน,,
C16,ค่าใช้จ่ายดำเนินงานอื่น,50322815,ข-ค่าภาษีอากรอื่น,,
C16,ค่าใช้จ่ายดำเนินงานอื่น,50118917,ต-ค่าทำวิจัยและพัฒนา,,
C16,ค่าใช้จ่ายดำเนินงานอื่น,50118920,ต-ค่าวัสดุสิ้นเปลือง-จัดหาเอง,,
C16,ค่าใช้จ่ายดำเนินงานอื่น,50118921,ต-ค่าครุภัณฑ์เครื่องใช้สำนักงาน เครื่องมือขนาดเล็ก,,
C16,ค่าใช้จ่ายดำเนินงานอื่น,50118922,ต-ค่าใช้จ่ายอื่นในการจัดทำเอกสาร,,
C16,ค่าใช้จ่ายดำเนินงานอื่น,50118923,ต-ค่าใช้ซอฟแวร์เพื่อการบริหารงาน,,
C16,ค่าใช้จ่ายดำเนินงานอื่น,50118924,ต-ค่าหนังสือและวารสาร,,
C16,ค่าใช้จ่ายดำเนินงานอื่น,50118925,ต-ค่าสื่อสารไปรษณีย์,,
C16,ค่าใช้จ่ายดำเนินงานอื่น,50118926,ต-ค่ารักษาความปลอดภัย,,
C16,ค่าใช้จ่ายดำเนินงานอื่น,50118927,ต-ค่าทำความสะอาด,,
C16,ค่าใช้จ่ายดำเนินงานอื่น,50118928,ต-ค่าน้ำดื่ม,,
C16,ค่าใช้จ่ายดำเนินงานอื่น,50118947,ต-ค่าชุดตรวจโควิด-19,,
C16,ค่าใช้จ่ายดำเนินงานอื่น,50118948,ต-ค่าตรวจโควิด-19,,
C16,ค่าใช้จ่ายดำเนินงานอื่น,50118929,ต-ค่าที่ปรึกษาทั่วไป,,
C16,ค่าใช้จ่ายดำเนินงานอื่น,50118930,ต-เงินสมทบองค์กรระหว่างประเทศ,,
C16,ค่าใช้จ่ายดำเนินงานอื่น,50111515,ต-เงินสมทบองค์กรระหว่างประเทศ-ดาวเทียม,,
C16,ค่าใช้จ่ายดำเนินงานอื่น,50111516,ต-ค่าใช้จ่าย Deorbit ดาวเทียม,,
C16,ค่าใช้จ่ายดำเนินงานอื่น,50118949,ต-เงินสมทบองค์กรในประเทศ,,
C16,ค่าใช้จ่ายดำเนินงานอื่น,50118931,ต-ค่าใช้จ่ายในการประชุม,,
C16,ค่าใช้จ่ายดำเนินงานอื่น,50111514,ต-ค่าใช้จ่ายในการประชุม-ดาวเทียม,,
C16,ค่าใช้จ่ายดำเนินงานอื่น,50118932,ต-ค่าใช้จ่ายเกี่ยวกับคดีความ,,
C16,ค่าใช้จ่ายดำเนินงานอื่น,50118933,ต-ค่าใช้จ่ายเกี่ยวกับการสำรวจและใช้ข้อมูล,,
C16,ค่าใช้จ่ายดำเนินงานอื่น,50118934,ต-ค่าใช้จ่ายในการปรับปรุงภูมิทัศน์,,
C16,ค่าใช้จ่ายดำเนินงานอื่น,50118935,ต-ค่าตอบแทนให้บุคคลภายนอก,,
C16,ค่าใช้จ่ายดำเนินงานอื่น,50118936,ต-ค่าของขวัญและรางวัลให้บุคคลภายนอกทั่วไป,,
C16,ค่าใช้จ่ายดำเนินงานอื่น,50118937,ต-ค่ารื้อถอน/ย้ายสินทรัพย์ถาวรอื่น,,
C16,ค่าใช้จ่ายดำเนินงานอื่น,50118938,ต-ส่วนลดรับ-ค่าใช้จ่ายดำเนินงานอื่น,,
C16,ค่าใช้จ่ายดำเนินงานอื่น,50118939,ต-ค่าใช้จ่ายดำเนินงานอื่น-อื่น,,
C16,ค่าใช้จ่ายดำเนินงานอื่น,50118940,ต-ค่าของขวัญและรางวัลให้บุคคลภายใน กสท,,
C16,ค่าใช้จ่ายดำเนินงานอื่น,50118941,ผลต่างของราคาพัสดุถัวเฉลี่ย,,
C16,ค่าใช้จ่ายดำเนินงานอื่น,50118942,ค่าใช้จ่ายอื่น ๆ,,
C16,ค่าใช้จ่ายดำเนินงานอื่น,50118943,ค่าใช้จ่ายในการนับเหรียญโทรศัพท์สาธารณะ,,
C16,ค่าใช้จ่ายดำเนินงานอื่น,50118944,ค่าใช้จ่ายในการแลกเหรียญโทรศัพท์สาธารณะ,,
C16,ค่าใช้จ่ายดำเนินงานอื่น,50118945,ค่าน้ำมันเชื้อเพลิง - เครื่องการกำลัง,,
C16,ค่าใช้จ่ายดำเนินงานอื่น,50118946,ค่าหล่อลื่นอัดฉีด,,
C16,ค่าใช้จ่ายดำเนินงานอื่น,50217908,ข-ค่าทำวิจัยและพัฒนา,,
C16,ค่าใช้จ่ายดำเนินงานอื่น,50217913,ข-ค่าวัสดุสิ้นเปลือง-จัดหาเอง,,
C16,ค่าใช้จ่ายดำเนินงานอื่น,50217914,ข-ค่าครุภัณฑ์เครื่องใช้สำนักงานและเครื่องมือขนาดเล็ก,,
C16,ค่าใช้จ่ายดำเนินงานอื่น,50217915,ข-ค่าใช้จ่ายอื่นในการจัดทำเอกสาร,,
C16,ค่าใช้จ่ายดำเนินงานอื่น,50217916,ข-ค่าใช้ซอฟแวร์เพื่อการบริหารงาน,,
C16,ค่าใช้จ่ายดำเนินงานอื่น,50217917,ข-ค่าหนังสือและวารสาร,,
C16,ค่าใช้จ่ายดำเนินงานอื่น,50217918,ข-ค่าสื่อสารไปรษณีย์,,
C16,ค่าใช้จ่ายดำเนินงานอื่น,50217919,ข-ค่ารักษาความปลอดภัย,,
C16,ค่าใช้จ่ายดำเนินงานอื่น,50217920,ข-ค่าทำความสะอาด,,
C16,ค่าใช้จ่ายดำเนินงานอื่น,50217921,ข-ค่าน้ำดื่ม,,
C16,ค่าใช้จ่ายดำเนินงานอื่น,50217942,ข-ค่าชุดตรวจโควิด-19,,
C16,ค่าใช้จ่ายดำเนินงานอื่น,50399087,ค่าจ้างเหมาในการดำเนินงานอื่น,,
C16,ค่าใช้จ่ายดำเนินงานอื่น,50217943,ข-ค่าตรวจโควิด-19,,
C16,ค่าใช้จ่ายดำเนินงานอื่น,50217944,ค่าเครื่องเขียนแบบพิมพ์-ขาย,,
C16,ค่าใช้จ่ายดำเนินงานอื่น,50217945,ค่าวัสดุอุปกรณ์-ขาย,,
C16,ค่าใช้จ่ายดำเนินงานอื่น,50217922,ข-ค่าที่ปรึกษาทั่วไป,,
C16,ค่าใช้จ่ายดำเนินงานอื่น,50217925,ข-เงินสมทบองค์กรระหว่างประเทศ,,
C16,ค่าใช้จ่ายดำเนินงานอื่น,50219115,ข-เงินสมทบองค์กรระหว่างประเทศ-ดาวเทียม,,
C16,ค่าใช้จ่ายดำเนินงานอื่น,50219116,ข-ค่าใช้จ่าย Deorbit ดาวเทียม,,
C16,ค่าใช้จ่ายดำเนินงานอื่น,50217926,ข-เงินสมทบองค์กรในประเทศ,,
C16,ค่าใช้จ่ายดำเนินงานอื่น,50217927,ข-ค่าใช้จ่ายในการประชุม,,
C16,ค่าใช้จ่ายดำเนินงานอื่น,50219114,ข-ค่าใช้จ่ายในการประชุม-ดาวเทียม,,
C16,ค่าใช้จ่ายดำเนินงานอื่น,50217928,ข-ค่าของขวัญและรางวัลให้ลูกค้า,,
C16,ค่าใช้จ่ายดำเนินงานอื่น,50217929,ข-ภาษีขายที่ออกให้,,
C16,ค่าใช้จ่ายดำเนินงานอื่น,50217930,ข-ภาษีซื้อไม่ขอคืน,,
C16,ค่าใช้จ่ายดำเนินงานอื่น,50217931,ข-ค่าใช้จ่ายเกี่ยวกับคดีความ,,
C16,ค่าใช้จ่ายดำเนินงานอื่น,50217932,ข-ค่าใช้จ่ายเกี่ยวกับการสำรวจและใช้ข้อมูล,,
C16,ค่าใช้จ่ายดำเนินงานอื่น,50217933,ข-ค่าใช้จ่ายในการปรับปรุงภูมิทัศน์,,
C16,ค่าใช้จ่ายดำเนินงานอื่น,50217934,ข-ค่าตอบแทนให้บุคคลภายนอก,,
C16,ค่าใช้จ่ายดำเนินงานอื่น,50217935,ข-ค่ารื้อถอน/ย้ายสินทรัพย์ถาวรอื่น,,
C16,ค่าใช้จ่ายดำเนินงานอื่น,50217936,ข-ส่วนลดรับ-ค่าใช้จ่ายดำเนินงานอื่น,,
C16,ค่าใช้จ่ายดำเนินงานอื่น,50217937,ข-ค่าใช้จ่ายดำเนินงานอื่น-อื่น,,
C16,ค่าใช้จ่ายดำเนินงานอื่น,50217938,ข-ค่าของขวัญและรางวัลให้บุคคลภายใน กสท,,
C16,ค่าใช้จ่ายดำเนินงานอื่น,50217939,ค่าใช้จ่าย-สินค้ารับฝากขาย,,
C16,ค่าใช้จ่ายดำเนินงานอื่น,50217940,ขาดทุนจากการลดลงของมูลค่าสินค้าคงเหลือ,,
C16,ค่าใช้จ่ายดำเนินงานอื่น,50217941,ขาดทุนจากการเสื่อมค่าของสินค้าคงเหลือ,,
C16,ค่าใช้จ่ายดำเนินงานอื่น,50399006,ค่าน้ำมันเชื้อเพลิง,,
C16,ค่าใช้จ่ายดำเนินงานอื่น,50399009,บ-ค่าทำวิจัยและพัฒนา,,
C16,ค่าใช้จ่ายดำเนินงานอื่น,50399013,บ-ค่าวัสดุสิ้นเปลือง-จัดหาเอง,,
C16,ค่าใช้จ่ายดำเนินงานอื่น,50399014,บ-ค่าครุภัณฑ์เครื่องใช้สำนักงาน เครื่องมือขนาดเล็ก,,
C16,ค่าใช้จ่ายดำเนินงานอื่น,50399015,บ-ค่าใช้จ่ายอื่นในการจัดทำเอกสาร,,
C16,ค่าใช้จ่ายดำเนินงานอื่น,50399016,บ-ค่าใช้ซอฟแวร์เพื่อการบริหารงาน,,
C16,ค่าใช้จ่ายดำเนินงานอื่น,50399017,บ-ค่าหนังสือและวารสาร,,
C16,ค่าใช้จ่ายดำเนินงานอื่น,50399018,บ-ค่าสื่อสารไปรษณีย์,,
C16,ค่าใช้จ่ายดำเนินงานอื่น,50399019,บ-ค่ารักษาความปลอดภัย,,
C16,ค่าใช้จ่ายดำเนินงานอื่น,50399020,บ-ค่าทำความสะอาด,,
C16,ค่าใช้จ่ายดำเนินงานอื่น,50399021,บ-ค่าน้ำดื่ม,,
C16,ค่าใช้จ่ายดำเนินงานอื่น,50399086,บ-ค่าชุดตรวจโควิด-19,,
C16,ค่าใช้จ่ายดำเนินงานอื่น,50399088,บ-ค่าตรวจโควิด-19,,
C16,ค่าใช้จ่ายดำเนินงานอื่น,50399089,บ-คชจ.ในการดำเนินการตามนโยบายของรัฐ,,
C16,ค่าใช้จ่ายดำเนินงานอื่น,50399022,บ-เงินสมทบองค์กรระหว่างประเทศ,,
C16,ค่าใช้จ่ายดำเนินงานอื่น,50331015,บ-เงินสมทบองค์กรระหว่างประเทศ-ดาวเทียม,,
C16,ค่าใช้จ่ายดำเนินงานอื่น,50331016,บ-ค่าใช้จ่าย Deorbit ดาวเทียม,,
C16,ค่าใช้จ่ายดำเนินงานอื่น,50399023,บ-เงินสมทบองค์กรในประเทศ,,
C16,ค่าใช้จ่ายดำเนินงานอื่น,50399024,บ-เงินสมทบตาม พ.ร.บ.คนพิการ,,
C16,ค่าใช้จ่ายดำเนินงานอื่น,50399025,บ-ผลเสียหายจากการลักลอบใช้บริการ,,
C16,ค่าใช้จ่ายดำเนินงานอื่น,50399026,บ-ผลเสียหายจากการประกอบกิจการ,,
C16,ค่าใช้จ่ายดำเนินงานอื่น,50399027,บ-ผลเสียหายจากเหรียญปลอม/ชำรุดจากการให้บริการ,,
C16,ค่าใช้จ่ายดำเนินงานอื่น,50399028,บ-ค่าตอบแทนในการรับชำระเงิน,,
C16,ค่าใช้จ่ายดำเนินงานอื่น,50399029,บ-ค่าใช้จ่ายในการติดตามหนี้,,
C16,ค่าใช้จ่ายดำเนินงานอื่น,50399030,บ-ส่วนลดเงินสด,,
C16,ค่าใช้จ่ายดำเนินงานอื่น,50399031,บ-ค่าใช้จ่ายในการประชุม,,
C16,ค่าใช้จ่ายดำเนินงานอื่น,50331014,บ-ค่าใช้จ่ายในการประชุม-ดาวเทียม,,
C16,ค่าใช้จ่ายดำเนินงานอื่น,50399032,บ-ค่าใช้จ่ายเกี่ยวกับคดีความ,,
C16,ค่าใช้จ่ายดำเนินงานอื่น,50399033,บ-ค่าใช้จ่ายเกี่ยวกับการสำรวจและใช้ข้อมูล,,
C16,ค่าใช้จ่ายดำเนินงานอื่น,50399034,บ-ค่าใช้จ่ายในการปรับปรุงภูมิทัศน์,,
C16,ค่าใช้จ่ายดำเนินงานอื่น,50399035,บ-ค่าตอบแทนให้บุคคลภายนอก,,
C16,ค่าใช้จ่ายดำเนินงานอื่น,50399036,บ-ค่าของขวัญและรางวัลให้บุคคลภายนอกทั่วไป,,
C16,ค่าใช้จ่ายดำเนินงานอื่น,50399037,บ-ค่ารื้อถอน/ย้ายสินทรัพย์ถาวรอื่น,,
C16,ค่าใช้จ่ายดำเนินงานอื่น,50399038,บ-ส่วนลดรับ-ค่าใช้จ่ายดำเนินงานอื่น,,
C16,ค่าใช้จ่ายดำเนินงานอื่น,50399039,บ-ค่าใช้จ่ายดำเนินงานอื่น-อื่น,,
C16,ค่าใช้จ่ายดำเนินงานอื่น,50399044,ค่าต่อทะเบียนรถยนต์,,
C16,ค่าใช้จ่ายดำเนินงานอื่น,50399045,ค่าใช้จ่ายอื่น ๆ เกี่ยวกับรถยนต์,,
C16,ค่าใช้จ่ายดำเนินงานอื่น,50399046,ค่าเครื่องเขียนและแบบพิมพ์,,
C16,ค่าใช้จ่ายดำเนินงานอื่น,50399048,ค่าวัสดุอุปกรณ์,,
C16,ค่าใช้จ่ายดำเนินงานอื่น,50399049,ค่าจ้างทำความสะอาด,,
C16,ค่าใช้จ่ายดำเนินงานอื่น,50399050,ค่าจ้างดูแลสถานที่,,
C16,ค่าใช้จ่ายดำเนินงานอื่น,50399051,ค่าใช้บริการในพื้นที่อาคารและสถานที่เช่า,,
C16,ค่าใช้จ่ายดำเนินงานอื่น,50399052,ค่าจัดทำรายงานประจำปี,,
C16,ค่าใช้จ่ายดำเนินงานอื่น,50399054,เงินอุดหนุนในการวิจัยและพัฒนา,,
C16,ค่าใช้จ่ายดำเนินงานอื่น,50399055,ค่าใช้จ่ายในการวิจัยและพัฒนา,,
C16,ค่าใช้จ่ายดำเนินงานอื่น,50399056,ค่าเบี้ยปรับ เงินเพิ่มทางภาษี และค่าปรับทางอาญา,,
C16,ค่าใช้จ่ายดำเนินงานอื่น,50399057,ค่าไปรษณีย์และโทรเลข,,
C16,ค่าใช้จ่ายดำเนินงานอื่น,50399058,ค่าใช้จ่ายเกี่ยวกับศาลและคดีความ,,
C16,ค่าใช้จ่ายดำเนินงานอื่น,50399060,ค่าใช้จ่ายเกี่ยวกับศาลและคดีความ - บุคคลภายนอก (อดีตผู้บริหารและอดีตพนักงาน),,
C16,ค่าใช้จ่ายดำเนินงานอื่น,50399061,ค่าใช้จ่ายเกี่ยวกับพิธีการต่าง ๆ,,
C16,ค่าใช้จ่ายดำเนินงานอื่น,50399062,ค่าใช้จ่ายเบ็ดเตล็ด,,
C16,ค่าใช้จ่ายดำเนินงานอื่น,50399065,ค่าใช้จ่ายค่าปรับ,,
C16,ค่าใช้จ่ายดำเนินงานอื่น,50399066,กำไร (ขาดทุน) จากการโอนเปลี่ยนประเภทของเงินลงทุน,,
C16,ค่าใช้จ่ายดำเนินงานอื่น,50399067,กำไร (ขาดทุน) ที่ชำระจริงจากการยกเลิกสัญญา SWAP,,
C16,ค่าใช้จ่ายดำเนินงานอื่น,50399068,กำไร (ขาดทุน) ที่ชำระจริงจากการยกเลิกสัญญา SWAP ของดอกเบี้ย,,
C16,ค่าใช้จ่ายดำเนินงานอื่น,50399070,ค่าใช้จ่ายต้องห้ามทางภาษี,,
C16,ค่าใช้จ่ายดำเนินงานอื่น,50399074,ขาดทุนจากการโอนหนี้จากการเลิกกิจการ,,
C16,ค่าใช้จ่ายดำเนินงานอื่น,50399082,ผลขาดทุนด้านเครดิตที่คาดว่าจะเกิดขึ้น – เงินลงทุนวัดมูลค่าวิธี Amortize Cost ,,
C16,ค่าใช้จ่ายดำเนินงานอื่น,50399075,บ-ค่าเบี้ยประชุม-บุคคลภายนอก,,
C16,ค่าใช้จ่ายดำเนินงานอื่น,50399076,บ-ค่าของขวัญและรางวัลให้บุคคลภายใน กสท,,
C16,ค่าใช้จ่ายดำเนินงานอื่น,50399077,ค่าใช้จ่ายในการสอบคัดเลือกพนักงาน,,
C16,ค่าใช้จ่ายดำเนินงานอื่น,50399078,ค่าใช้จ่ายอื่น ๆ ในการสรรหาบุคลากร,,
C16,ค่าใช้จ่ายดำเนินงานอื่น,50399079,ค่าสมนาคุณ และเงินตอบแทนบุคคลภายนอก,,
C16,ค่าใช้จ่ายดำเนินงานอื่น,50399080,ค่าใช้จ่ายในการขายและบริหาร (ยอดดุลเครดิต),,
C16,ค่าใช้จ่ายดำเนินงานอื่น,50399081,กำไร (ขาดทุน) จากการปรับมูลค่าของหลักทรัพย์เพื่อค้า,,
C16,ค่าใช้จ่ายดำเนินงานอื่น,50399083,บ-ค่าเลขหมายทั่วไป,,
C16,ค่าใช้จ่ายดำเนินงานอื่น,50399085,บ-ค่าใช้จายกิจกรรมพิเศษ,,
C16,ค่าใช้จ่ายดำเนินงานอื่น,50111505,ต-ค่าภาษีที่เกี่ยวข้องกับธุรกิจดาวเทียม,,
C16,ค่าใช้จ่ายดำเนินงานอื่น,50111507,ต-ค่าสอบบัญชี-ดาวเทียม,,
C16,ค่าใช้จ่ายดำเนินงานอื่น,50219105,ข-ค่าภาษีที่เกี่ยวข้องกับธุรกิจดาวเทียม,,
C16,ค่าใช้จ่ายดำเนินงานอื่น,50219107,ข-ค่าสอบบัญชี-ดาวเทียม,,
C16,ค่าใช้จ่ายดำเนินงานอื่น,50331005,บ-ค่าภาษีที่เกี่ยวข้องกับธุรกิจดาวเทียม,,
C16,ค่าใช้จ่ายดำเนินงานอื่น,50331007,บ-ค่าสอบบัญชี-ดาวเทียม,,
C16,ค่าใช้จ่ายดำเนินงานอื่น,50399071,บ-ค่ารื้อถอนอุปกรณ์โทรคมนาคม,,
C17,ค่าใช้จ่ายอื่น,50324101,ขาดทุนจากการปริวรรตเงินตราที่เกิดขึ้นจริง,,
C17,ค่าใช้จ่ายอื่น,50324102,กำไร(ขาดทุน)ที่เกิดจริงจาก exch rate ด/บ เงินกู้,,
C17,ค่าใช้จ่ายอื่น,50324103,กำไร(ขาดทุน)ที่เกิดจริงจาก exch rate จากการดำเนินก,,
C17,ค่าใช้จ่ายอื่น,50324104,กำไร(ขาดทุน)ที่เกิดจริงจาก exch.rate-เงินฝากประจำ/,,
C17,ค่าใช้จ่ายอื่น,50324201,ขาดทุนจากการปริวรรตเงินตรายังไม่เกิดจริง,,
C17,ค่าใช้จ่ายอื่น,50324202,ขาดทุนยังไม่เกิดขึ้นจากอัตราแลกเปลี่ยน-กองทุนส่วนบุคคล,,
C17,ค่าใช้จ่ายอื่น,50324203,กำไร(ขาดทุน)ยังไม่เกิดจริงจาก exch rate-เงินกู้,,
C17,ค่าใช้จ่ายอื่น,50324204,กำไร(ขาดทุน)ยังไม่เกิดจริงจาก exch rate-เงินลงทุน,,
C17,ค่าใช้จ่ายอื่น,50324205,กำไร(ขาดทุน)ยังไม่เกิดจริง exch rate เงินฝากธนาคาร,,
C17,ค่าใช้จ่ายอื่น,50324206,กำไร(ขาดทุน)ยังไม่เกิดจริง exch จน./ลน.ต่างประเทศ,,
C17,ค่าใช้จ่ายอื่น,50324207,กำไร(ขาดทุน)ยังไม่เกิดจริงexch จน/ลน โครงข่าย ตปท.,,
C17,ค่าใช้จ่ายอื่น,50324208,กำไร(ขาดทุน)ไม่เกิดจริงอัตราแลกเปลี่ยนเงิน ตปท.-,,
C17,ค่าใช้จ่ายอื่น,50319101,ขาดทุนจากการจำหน่ายเงินลงทุน,,
C17,ค่าใช้จ่ายอื่น,50319102,ขาดทุนจากการจำหน่ายเงินลงทุน-กองทุนส่วนบุคคล,,
C17,ค่าใช้จ่ายอื่น,50319105,ขท.จากการจำหน่ายเงินลงทุน บ.ย่อย บ.ร่วม ก.ร่วมค้า,,
C17,ค่าใช้จ่ายอื่น,50319103,กำไร (ขาดทุน) จากการจำหน่ายเงินลงทุนชั่วคราว ,,
C17,ค่าใช้จ่ายอื่น,50319104,กำไร (ขาดทุน) จากการจำหน่ายเงินลงทุนระยะยาว,,
C17,ค่าใช้จ่ายอื่น,50319201,ขาดทุนจากการขายสินทรัพย์มีตัวตน-กิจการ,,
C17,ค่าใช้จ่ายอื่น,50319202,ขาดทุน (กำไร) จากการจำหน่ายสินทรัพย์ถาวร,,
C17,ค่าใช้จ่ายอื่น,50319301,ขาดทุนจากการขายสินทรัพย์ไม่มีตัวตน,,
C17,ค่าใช้จ่ายอื่น,50319401,ขาดทุนจากการเลิกใช้งานสินทรัพย์ถาวร,,
C17,ค่าใช้จ่ายอื่น,50319500,ขาดทุนจากการตัดจำหน่ายสินทรัพย์ไม่มีตัวตน-กิจการ,,
C17,ค่าใช้จ่ายอื่น,50319510,ขาดทุนจากการแลกเปลี่ยนสินทรัพย์ไม่มีตัวตน,,
C17,ค่าใช้จ่ายอื่น,50319801,ขาดทุนจากการจำหน่ายสินทรัพย์อื่น,,
C17,ค่าใช้จ่ายอื่น,50319901,บ-ขาดทุนจากการชำรุด/ล้าสมัย/เลิกใช้วัสดุคงคลัง,,
C17,ค่าใช้จ่ายอื่น,50319902,บ-ขาดทุนจากการชำรุด/ล้าสมัย/เลิกใช้วัสดุอุปกรณ์โทรคมนาคมเพื่อบริการ,,
C17,ค่าใช้จ่ายอื่น,50319903,บ-ขาดทุนจากสินค้าชำรุดหรือล้าสมัยหรือตัดจำหน่าย,,
C17,ค่าใช้จ่ายอื่น,50319904,บ-ขาดทุนจากการตัดจำหน่ายบัตรโทรคมนาคม,,
C17,ค่าใช้จ่ายอื่น,50319905,บ-ขาดทุนจากการตัดจำหน่ายสินทรัพย์อื่น,,
C17,ค่าใช้จ่ายอื่น,50319906,บ-ขาดทุนจากการจำหน่ายวัสดุคงคลัง,,
C17,ค่าใช้จ่ายอื่น,50319907,ขาดทุนจากการตัดจำหน่ายสินทรัพย์มีตัวตน-กิจการ,,
C17,ค่าใช้จ่ายอื่น,50319910,ขาดทุนจากการแลกเปลี่ยนสินทรัพย์มีตัวตน,,
C17,ค่าใช้จ่ายอื่น,50322901,ขาดทุนจากการประมาณการตามหลักคณิตศาสตร์,,
C17,ค่าใช้จ่ายอื่น,50323001,ขาดทุนที่ยังไม่รับรู้จากการวัดมูลค่ายุติธรรม FVTPL - กองทุนส่วนบุคคล,,
C17,ค่าใช้จ่ายอื่น,50323002,ขาดทุนที่ยังไม่รับรู้จากการวัดมูลค่ายุติธรรม FVTPL,,
C17,ค่าใช้จ่ายอื่น,50323003,ขาดทุนยังไม่รับรู้สินทรัพย์ทางการเงิน-อนุพันธ์,,เมื่อ 19-04-2024
C17,ค่าใช้จ่ายอื่น,50399040,ค่าปรับและเงินชดใช้ค่าเสียหาย,,
C17,ค่าใช้จ่ายอื่น,50399041,ขาดทุนจากการไถ่ถอนหุ้นกู้,,
C17,ค่าใช้จ่ายอื่น,50399042,ขาดทุนจากการลดขนาดโครงการ,,
C17,ค่าใช้จ่ายอื่น,50399043,ค่าใช้จ่ายอื่น,,
C17,ค่าใช้จ่ายอื่น,50399072,ค่าใช้จ่ายอื่นๆ-(สสท),,
C17,ค่าใช้จ่ายอื่น,50399090,เงินชดเชยสินไหมทดแทนความเสียหาย,,
C17,ค่าใช้จ่ายอื่น,50399091,ค่าปรับและเงินชดใช้ค่าเสียหาย-ดาวเทียม,,
C17,ค่าใช้จ่ายอื่น,50399092,ขาดทุนจากการปรับปรุงประมาณการหนี้สินการรื้อถอนฯ,,
C17,ค่าใช้จ่ายอื่น,50399093,ค่าใช้จ่ายอื่น-กองทุนส่วนบุคคล,เพิ่มเมื่อ 09/12/2023,
C18,ต้นทุนทางการเงิน - ด้านการดำเนินงาน,50411001,ดอกเบี้ยจ่ายตามสัญญาเช่า,,
C18,ต้นทุนทางการเงิน - ด้านการดำเนินงาน,50411002,ดอกเบี้ยจ่าย - สัญญาเช่าใช้พื้นที่,,
C18,ต้นทุนทางการเงิน - ด้านการดำเนินงาน,50411003,ดอกเบี้ยจ่าย - สัญญาเช่าอุปกรณ์,,
C18,ต้นทุนทางการเงิน - ด้านการดำเนินงาน,50411004,ดอกเบี้ยจ่าย – สัญญาเช่ายานพาหนะ,,
C18,ต้นทุนทางการเงิน - ด้านการดำเนินงาน,50411005,ดอกเบี้ยจ่าย - สัญญาเช่าที่ดิน,,
C18,ต้นทุนทางการเงิน - ด้านการดำเนินงาน,50415001,ต-ต้นทุนทางการเงิน,,
C18,ต้นทุนทางการเงิน - ด้านการดำเนินงาน,50415002,ข-ต้นทุนทางการเงิน,,
C18,ต้นทุนทางการเงิน - ด้านการดำเนินงาน,50415003,บ-ต้นทุนทางการเงิน,,
C18,ต้นทุนทางการเงิน - ด้านการดำเนินงาน,50412001,ดอกเบี้ยจ่ายจากการประมาณการค่ารื้อถอน,,
C19,ต้นทุนทางการเงิน - ด้านการจัดหาเงิน,50413001,ดอกเบี้ยจ่าย,,
C19,ต้นทุนทางการเงิน - ด้านการจัดหาเงิน,50413002,ดอกเบี้ยจ่ายอื่น,,
C19,ต้นทุนทางการเงิน - ด้านการจัดหาเงิน,50413003,ดอกเบี้ยจ่าย - เงินกู้ยืมจากกรรมการและพนักงาน,,
C19,ต้นทุนทางการเงิน - ด้านการจัดหาเงิน,50413004,ดอกเบี้ยจ่าย - เงินกู้ยืมจากกิจการที่เกี่ยวข้องกัน,,
C19,ต้นทุนทางการเงิน - ด้านการจัดหาเงิน,50413005,ดอกเบี้ยจ่าย - เงินกู้ยืมบริษัทย่อย ,,
C19,ต้นทุนทางการเงิน - ด้านการจัดหาเงิน,50413006,ดอกเบี้ยจ่าย - เงินกู้ยืมบริษัทร่วม,,
C19,ต้นทุนทางการเงิน - ด้านการจัดหาเงิน,50413007,ดอกเบี้ยจ่าย - อื่น ๆ,,
C19,ต้นทุนทางการเงิน - ด้านการจัดหาเงิน,50413008,ดอกเบี้ยจ่าย - เงินเบิกเกินบัญชีธนาคาร - SOE,,
C19,ต้นทุนทางการเงิน - ด้านการจัดหาเงิน,50413009,ดอกเบี้ยจ่าย - เงินกู้ยืม - SOE,,
C19,ต้นทุนทางการเงิน - ด้านการจัดหาเงิน,50413010,ดอกเบี้ยจ่าย - หุ้นกู้ - SOE,,
C19,ต้นทุนทางการเงิน - ด้านการจัดหาเงิน,50413011,ดอกเบี้ยจ่าย - เงินเบิกเกินบัญชีธนาคาร - อื่น,,
C19,ต้นทุนทางการเงิน - ด้านการจัดหาเงิน,50413012,ดอกเบี้ยจ่าย - เงินกู้ยืม - อื่น,,
C19,ต้นทุนทางการเงิน - ด้านการจัดหาเงิน,50413013,ดอกเบี้ยจ่าย - เงินกู้ยืมเพื่อโครงข่าย 3G - อื่น,,
C19,ต้นทุนทางการเงิน - ด้านการจัดหาเงิน,50413014,ดอกเบี้ยจ่าย - หุ้นกู้ - อื่น,,
C19,ต้นทุนทางการเงิน - ด้านการจัดหาเงิน,50413015,ดอกเบี้ยจ่าย - พันธบัตรโทรศัพท์ที่กระทรวงการคลังค้ำประกัน,,
C19,ต้นทุนทางการเงิน - ด้านการจัดหาเงิน,50413016,ดอกเบี้ยจ่าย - พันธบัตรโทรศัพท์ที่กระทรวงการคลังไม่ได้ค้ำประกัน,,
C19,ต้นทุนทางการเงิน - ด้านการจัดหาเงิน,50414001,ค่าธรรมเนียม Option,,
C19,ต้นทุนทางการเงิน - ด้านการจัดหาเงิน,50414002,ค่าใช้จ่ายในการทำ Credit Rating,,
C19,ต้นทุนทางการเงิน - ด้านการจัดหาเงิน,50414003,ค่าใช้จ่ายในการจัดหาเงินกู้,,
C19,ต้นทุนทางการเงิน - ด้านการจัดหาเงิน,50414004,ค่าธรรมเนียมธุรกรรมทางการเงิน,,
C19,ต้นทุนทางการเงิน - ด้านการจัดหาเงิน,50414005,ส่วนต่ำกว่ามูลค่าหุ้นกู้ และพันธบัตร,,
C19,ต้นทุนทางการเงิน - ด้านการจัดหาเงิน,50414006,ค่าธรรมเนียมเกี่ยวกับเงินกู้ - SOE,,
C19,ต้นทุนทางการเงิน - ด้านการจัดหาเงิน,50414007,ค่าธรรมเนียมเกี่ยวกับเงินกู้ - อื่น,,
C19,ต้นทุนทางการเงิน - ด้านการจัดหาเงิน,50414008,ค่าธรรมเนียมเกี่ยวกับเงินกู้ - โครงการเงินกู้ 3G - อื่น ,,
C20,ภาษีเงินได้นิติบุคคล,50511001,ภาษีเงินได้รอการตัดบัญชี,,
C20,ภาษีเงินได้นิติบุคคล,50511999,ภาษีเงินได้นิติบุคคล,,
C20,ภาษีเงินได้นิติบุคคล,50512001,ภาษีเงินได้รอการตัดบัญชี,,
